{
    "id": "file:///home/JSON-SCHEMA-FILES/cache-vault-start-learn-schema.json",
    "schema": "http://json-schema.org/draft-04/schema#",
    "description": "Cache Vault Information (SHOW) - version 0.1",
    
    "type": "object",
    "properties": {
        "Controllers": { "$ref": "#/definitions/controllersArray" }
    },
    "additionalProperties": false,
    "required": [ "Controllers" ],
    "definitions": {
        "controllersArray": {
            "type": "array",
            "items": { "$ref": "#/definitions/controllers-array" },
            "minItems": 1,
            "uniqueItems": true
        },
        "controllers-array": {
            "type":"object",
            "properties": {
                "Command Status": { "$ref": "status-schema.json#/definitions/status" },
                "Response Data": { "$ref": "#/definitions/responseData" }
            },
            "additionalProperties": false,
            "required": [ "Command Status" ]
        },
        "responseData": {
            "type": "object",
            "properties": {
                "Cachevault_Set_Prop": { "$ref": "#/definitions/Cachevault-Set-Prop" }
            },
            "additionalProperties": false,
            "required": [ "Cachevault_Set_Prop" ]
        },
        "Cachevault-Set-Prop": {
            "type": "array",
            "items": { "$ref": "#/definitions/cachevaultsetprop" },
            "minItems": 1, 
            "uniqueItems": true
        }, 
        "cachevaultsetprop": {
            "type": "object",
            "properties": {
                "Cachevault-Prop": {"type": "string" },
				"Description": {"type": "string" }
            },
            "additionalProperties": false,
            "required": [ "Cachevault-Prop", "Description" ]
        }
    }
}