{
    "id": "file:///home/JSON-SCHEMA-FILES/controller-preservedcache-schema.json",
    "$schema": "http://json-schema.org/draft-04/schema#",
    "description": "Operations- Preserved Cache version 0.1",
    
    "type": "object",
    "properties": {
        "Controllers": { "$ref": "#/definitions/controllersArray" } 
    },
    "additionalProperties": false,
    "required": [ "Controllers" ],
	"definitions": {
        "controllersArray" :{
            "type":"array",
            "items": {"$ref": "#/definitions/controllers-array"},
            "minItems": 1,
            "uniqueItems": true
        },
        "controllers-array": {
            "type": "object",
            "properties": {
                "Command Status": { "$ref": "status-schema.json#/definitions/status" },
                "Response Data": { "$ref": "#/definitions/responseData" }
            },
            "additionalProperties": false,
            "required": [ "Command Status" ]
        },
        "responseData":{
            "type": "object",
            "properties": {
                "Phy Info": {"$ref": "#/definitions/phy-info-set-linkspeed"}
            },
            "additionalProperties": false,
            "required": ["Phy Info"]
        },
		"phy-info-set-linkspeed": {
            "type": "array", 
            "items": { "$ref": "#/definitions/set-linkspeed" }, 
            "minItems": 1, 
            "uniqueItems": true
        },
        "set-linkspeed": {
            "type": "object",
            "properties": {
                "Phy No": { "type": "number", "minimum": 0 }, 
                "LinkSpeed": { "$ref": "common-schema.json#/definitions/speed" },
                "Description": { "type": "string" }
           }, 
           "additionalProperties": false, 
           "required": [ "Phy No", "LinkSpeed", "Description" ]
        }
	}
}
