{
    "id": "file:///home/JSON-SCHEMA-FILES/controller-securitykey-schema.json",
    "$schema": "http://json-schema.org/draft-04/schema#",
    "description": "Operations- Security Key(SET and SHOW) version 0.1",
    
    "type": "object",
    "properties": {
        "Controllers": { "$ref": "#/definitions/controllersArray" } 
    },
    "additionalProperties": false,
    "required": [ "Controllers" ],
    "definitions": {
        "controllersArray" :{
            "type":"array",
            "items": {"$ref": "#/definitions/controllers-array"},
            "minItems": 1,
            "uniqueItems": true
        },
        "controllers-array": {
            "type": "object",
            "properties": {
                "Command Status": { "$ref": "status-schema.json#/definitions/status" },
                "Response Data": { "$ref": "#/definitions/responseData" }
            },
            "additionalProperties": false,
            "required": [ "Command Status" ]
        },
        "responseData":{
            "type": "object",
            "properties": {
                "Controller Properties": {"$ref": "#/definitions/controller-properties"}
            },
            "additionalProperties": false,
            "required": ["Controller Properties"]
        },
        "controller-properties": {
            "type": "array",
            "items": {"$ref": "#/definitions/controllerProperties"},
            "minItems": 1,
            "uniqueItems": true
        },
        "controllerProperties": {
			"oneOf": [
				{ "$ref": "#/definitions/controller-properties-1" },
				{ "$ref": "#/definitions/controller-properties-2" }
			]
        }, 
		"controller-properties-1": {
            "type": "object",
            "properties": {
                "Ctrl": {"type": "number", "minimum": 0 },
                "Method": { "type": "string", "enum": [ "delete Key", "set Key", "compare Key", "update Key", "set Keyid" ] },
				"Result": { "$ref": "common-schema.json#/definitions/status-messages" }
            },
            "additionalProperties": false,
            "required": [ "Ctrl", "Method", "Result" ]
		}, 
		"controller-properties-2": {
            "type": "object",
            "properties": {
                "Ctrl_Prop": {"type": "string", "enum": [ "KeyID" ]},
                "Value": { "type": "string", "pattern": "[A-Za-z0-9_-]" }
            },
            "additionalProperties": false,
            "required": ["Ctrl_Prop", "Value"]
		}
    }
}