{
    "id": "file:///home/JSON-SCHEMA-FILES/controller-personalities-schema.json",
    "$schema": "http://json-schema.org/draft-04/schema#",
    "title": "Operation",
    "description": "Operations- Personalities version 0.2",
    
    "type": "object",
    "properties": {
        "Controllers": { "$ref": "#/definitions/controllersArray" } 
    },
    "additionalProperties": false,
    "required": [ "Controllers" ],
    "definitions": {
        "controllersArray" :{
            "type":"array",
            "items": {"$ref": "#/definitions/controllers-array"},
            "minItems": 1,
            "uniqueItems": true
        },
        "controllers-array": {
            "type": "object",
            "properties": {
                "Command Status": { "$ref": "status-schema.json#/definitions/status" },
                "Response Data": { "$ref": "#/definitions/responseData" }
            },
            "additionalProperties": false,
            "required": [ "Command Status" ]
        },
        "responseData":{
            "type": "object",
            "properties": {
                "Controller Properties": {
                    "oneOf": [
                        {"$ref": "#/definitions/properties-noSupport" },                      
                        {"$ref": "#/definitions/controller-properties" },
                        {"$ref": "#/definitions/controller-properties-behavior" }
                    ]
                }
            },
            "additionalProperties": false,
            "required": ["Controller Properties"]
        },
        "properties-noSupport": {
            "type": "array",
            "items": {"$ref": "#/definitions/propertiesNoSupport"},
            "minItems": 1,
            "uniqueItems": true
        },
        "propertiesNoSupport": {
            "type": "object",
            "properties": {
                "Ctrl_Prop": {"type": "string", "enum": [ "Current Personality" ] },
                "Value": { "type": "string", "enum": [ "Controller does not support personality" ] }
            },
            "additionalProperties": false,
            "required": ["Ctrl_Prop", "Value"]
        },
        "controller-properties": {
            "type": "array",
            "items": {"$ref": "#/definitions/controllerProperties"},
            "minItems": 1,
            "uniqueItems": true
        },
        "controller-properties-behavior": {
            "type": "array",
            "items": {"$ref": "#/definitions/controllerPropertiesBehavior"},
            "minItems": 1,
            "uniqueItems": true
        },
        "controllerProperties": {
            "type": "object",
            "patternProperties": {
                "^(Ctrl_Prop)$" : { "type": "string", "enum": ["Set Personality", "Current Personality","Requested Personality", "Supported Personalities", "Behavior mode", "SES Management", "Secure SED", "Multipath", "Multi Init", "Auto Configure Behavior", "Auto Secure JBOD SED", "Supported Auto Configure Behaviors", "Supported Behavior modes" ] },
                "^(Value)$": { 
                    "oneOf": [
                        { "type": "string", "enum": [ "RAID ", "RAID", "HBA ", "SDS ", "JBOD ", "eHBA", "RAID HBA SDS JBOD ", "NONE", "SINGLE DRIVE R0 ", "EPD ", "NONE R0", "NONE JBOD", "NONE R0 JBOD", "R0", "JBOD", "R0 JBOD" ] },
                        { "$ref": "common-schema.json#/definitions/boolean-on-off" },
						{ "type": "string", "enum": [ "JBOD (Reboot the system for the change to take effect.)", "RAID (Reboot the system for the change to take effect.)", "HBA (Reboot the system for the change to take effect.)", "EHBA (Reboot the system for the change to take effect.)" ] }
                    ]
                }
            },
            "additionalProperties": false,
            "uniqueProperties": true
        },
        "controllerPropertiesBehavior": {
            "type": "object",
            "properties": {
                "Ctrl" : { "type": "number"},
		"Method" : {"type" : "string", "enum": ["Behavior Mode","Low Latency","BadBBU Latency","Error Recovery","Fail PD On Error","SMART Mode","Pinned Cache","Multipath","Fail Pd On Read Error","Discard PinnedCache ","Extended Copy","SES Management","Secure SED","Auto Secure JBOD SED","Multi Init"]},
		"Result" : {"type" : "string"},
		"ErrMsg" : {"type" : "string"},
		"ErrCd" : {"type" : "string"}
		},
		"additionalProperties": false,
        "uniqueProperties": true
	    }
    }
}