{
    "id": "file:///home/JSON-SCHEMA-FILES/controller-OCR-schema.json",
    "$schema": "http://json-schema.org/draft-04/schema#",
    "description": "Operations- OCR version 0.1",
    
    "type": "object",
    "properties": {
        "Controllers": { "$ref": "#/definitions/controllersArray" } 
    },
    "additionalProperties": false,
    "required": [ "Controllers" ],
    "definitions": {
        "controllersArray" :{
            "type":"array",
            "items": {"$ref": "#/definitions/controllers-array"},
            "minItems": 1,
            "uniqueItems": true
        },
        "controllers-array": {
            "type": "object",
            "properties": {
                "Command Status": { "$ref": "status-schema.json#/definitions/status" },
                "Response Data": { "$ref": "#/definitions/responseData" }
            },
            "additionalProperties": false,
            "required": [ "Command Status" ]
        },
        "responseData":{
            "type": "object",
            "properties": {
                "Controller Properties": {"$ref": "#/definitions/controller-properties"}
            },
            "additionalProperties": false,
            "required": ["Controller Properties"]
        },
        "controller-properties": {
            "type": "array",
            "items": {"$ref": "#/definitions/controllerProperties"},
            "minItems": 1,
            "uniqueItems": true
        },
        "controllerProperties": {
            "type": "object",
            "properties": {
                "Ctrl_Prop": {"type": "string", "enum": [ "Online Controller Reset" ]},
                "Value": { "$ref": "common-schema.json#/definitions/boolean-on-off" }
            },
            "additionalProperties": false,
            "required": ["Ctrl_Prop", "Value"]
        }
    }
}