{
    "id": "file:///home/JSON-SCHEMA-FILES/controller-snapdump-show-schema.json",
    "$schema": "http://json-schema.org/draft-04/schema#",
    "description": "snapdump show version 0.1",
    
    "type": "object",
    "properties": {
        "Controllers": { "$ref": "#/definitions/controllersArray" } 
    },
    "additionalProperties": false,
    "required": [ "Controllers" ],
    "definitions": {
        "controllersArray" :{
            "type":"array",
            "items": {"$ref": "#/definitions/controllers-array"},
            "minItems": 1,
            "uniqueItems": true
        },
        "controllers-array": {
            "type": "object",
            "properties": {
                "Command Status": { "$ref": "status-schema.json#/definitions/status" },
                "Response Data": { "$ref": "#/definitions/responseData" }
            }, 
            "additionalProperties": false,
            "required": [ "Command Status" ]
        },
        "responseData": {
            "type": "object",
            "properties": {
                "SnapDump Properties": { "$ref": "#/definitions/snap-props" },
				"SnapDump Details": { "$ref": "#/definitions/snap-list" }
            },
			"additionalProperties": false,
            "required": [ "SnapDump Properties"]
        },		
		"snap-props": {
            "type": "array",
            "items": { "$ref": "#/definitions/snapprops" },
            "minItems": 1,
            "uniqueItems": true
        },
        "snapprops": {
            "type": "object",
            "properties": {
                "Ctrl_Prop": {"type": "string", "enum": [ "Snapdump", "Snapdump Save Count",
														  "Snapdump Delay OCR", "Snapdump Current Count", "Snapdump properties", "Snapdump Preboot Trace Buffer" ]},
                "Value": {
					"oneOf": [
						{ "$ref": "common-schema.json#/definitions/boolean-on-off" },
						{ "type": "number", "minimum": 0},
						{ "type": "string", "enum": [ "Read-Write", "Read-Only", "N/A"] }
					]
				}
            },
            "additionalProperties": false,
            "required": ["Ctrl_Prop", "Value"]
        },
		"snap-list": {
			"type": "array",
            "items": { "$ref": "#/definitions/snaplist" },
            "minItems": 1,
            "uniqueItems": true
        },			
		"snaplist": {
		    "type": "object",
            "properties": {
                "ID"            : { "type": "number", "minimum": 0},
                "Snapdump Size" : { "type": "number", "minimum": 0 },
                "Snapdump time" : { "$ref": "common-schema.json#/definitions/mm-dd-yyyy-hh-mm-ss" },
                "OnDemand"    : { "$ref": "common-schema.json#/definitions/boolean-yes-no" }
			},
			"additionalProperties": false,
			"required": ["ID","Snapdump Size","Snapdump time"]
		}		
    }
}