{
    "id": "file:///home/JSON-SCHEMA-FILES/dpm-start-stop-schema.json",
    "$schema": "http://json-schema.org/draft-01/schema#",
    "description": "Operations- DPM start/stop version 0.1",
    
    "type": "object",
    "properties": {
        "Controllers": { "$ref": "#/definitions/controllersArray" } 
    },
    "additionalProperties": false,
    "required": [ "Controllers" ],
    "definitions": {
        "controllersArray" :{
            "type":"array",
            "items": {"$ref": "#/definitions/controllers-array"},
            "minItems": 1,
            "uniqueItems": true
        },
        "controllers-array": {
            "type": "object",
            "properties": {
                "Command Status": { "$ref": "status-schema.json#/definitions/status" },
                "Response Data": { "$ref": "#/definitions/responseData" }
            },
            "additionalProperties": false,
            "required": [ "Command Status" ]
        },
        "responseData":{
            "type": "object",
            "properties": {
                "DPM": {"$ref": "#/definitions/DPM-status"}
            },
            "additionalProperties": false,
            "required": ["DPM"]
        },
        "DPM-status": {
            "type": "array",
            "items": {"$ref": "#/definitions/DPMstatus"},
            "minItems": 1,
            "uniqueItems": true
        },
        "DPMstatus": {
            "type": "object",
            "properties": {
                "Ctrl": {"type": "number"},
                "Method": { "type": "string", "enum": [ "Start DPM", "Stop DPM" ] },
                "Status": {"type": "string", "enum": [ "Success", "Failed" ]}
            },
            "additionalProperties": false,
            "required": ["Ctrl", "Method", "Status"]
        }
    }
}