{
    "id": "file:///home/JSON-SCHEMA-FILES/controller-db-schema.json",
    "$schema": "http://json-schema.org/draft-04/schema#",
    "description": "Operations- Host Trace Buffer params Support version 0.1",
    
    "type": "object",
    "properties": {
        "Controllers": { "$ref": "#/definitions/controllersArray" } 
    },
    "additionalProperties": false,
    "required": [ "Controllers" ],
    "definitions": {
        "controllersArray" :{
            "type":"array",
            "items": {"$ref": "#/definitions/controllers-array"},
            "minItems": 1,
            "uniqueItems": true
        },
        "controllers-array": {
            "type": "object",
            "properties": {
                "Command Status": { "$ref": "status-schema.json#/definitions/status" },
                "Response Data": { "$ref": "#/definitions/responseData" }
            },
            "additionalProperties": false,
            "required": [ "Command Status" ]
        },
        "responseData":{
            "type": "object",
            "properties": {
                "Diag Buffer": {"$ref": "#/definitions/diag-buff"},
                "Trigger Information": {"$ref": "#/definitions/trig-info"},
                "Master Trigger Information": {"$ref": "#/definitions/master-trig"},
                "Event Trigger Information" : {"$ref": "#/definitions/event-trig"},
                "MPI Trigger Information"   : {"$ref": "#/definitions/mpi-trig"},
                "SCSI Trigger Information"  : {"$ref": "#/definitions/scsi-trig"}
            },
            "additionalProperties": false
        },
        "diag-buff": {
            "type": "array",
            "items": {"$ref": "#/definitions/diagbuf"},
            "minItems": 1,
            "uniqueItems": true
        },
        "diagbuf": {
            "type": "object",
            "properties": {
                "Prop":  {"type": "string"},
                "Value": {"type": "string"}
            },
            "additionalProperties": false,
            "required": ["Prop", "Value"]
        },
        "trig-info": {
            "type": "array",
            "items": {"$ref": "#/definitions/triginfo"},
            "minItems": 1,
            "uniqueItems": true
        },
        "triginfo": {
            "type": "object",
            "properties": {
                "Operation":  {"type": "string"},
                "Message": {"type": "string"}
            },
            "additionalProperties": false,
            "required": ["Operation", "Message"]
        },
        "master-trig": {
            "type": "array",
            "items": {"$ref": "#/definitions/mstrtrig"},
            "minItems": 1,
            "uniqueItems": true
        },
        "mstrtrig": {
            "type": "object",
            "properties": {
                "Operation":  {"type": "string"},
                "Message": {"type": "string"}
            },
            "additionalProperties": false,
            "required": ["Operation", "Message"]
        },
        "event-trig": {
            "type": "array",
            "items": {"$ref": "#/definitions/evttrig"},
            "minItems": 1,
            "uniqueItems": true
        },
        "evttrig": {
            "type": "object",
            "properties": {
                "Event Value":     { "type": "number", "minimum": 0 },
                "Event Qualifier": { "type": "number", "minimum": 0 }
            },
            "additionalProperties": false,
            "required": ["Event Value", "Event Qualifier"]
        },
        "mpi-trig": {
            "type": "array",
            "items": {"$ref": "#/definitions/mpitrig"},
            "minItems": 1,
            "uniqueItems": true
        },
        "mpitrig": {
            "type": "object",
            "properties": {
                "IOC Status":  { "type": "number", "minimum": 0 },
                "IOC LogInfo": { "type": "number", "minimum": 0 }
            },
            "additionalProperties": false,
            "required": ["IOC Status", "IOC LogInfo"]
        },
        "scsi-trig": {
            "type": "array",
            "items": {"$ref": "#/definitions/scsitrip"},
            "minItems": 1,
            "uniqueItems": true
        },
        "scsitrip": {
            "type": "object",
            "properties": {
                "SenseKey": { "type": "number", "minimum": 0 },
                "ASC":      { "type": "number", "minimum": 0 },
                "ASCQ":     { "type": "number", "minimum": 0 }
            },
            "additionalProperties": false,
            "required": ["SenseKey", "ASC"]
        }
    }
}