{
    "id": "file:///home/JSON-SCHEMA-FILES/controller-it-pall-phyevents-schema.json",
    "$schema": "http://json-schema.org/draft-04/schema#",
    "description": "Operations- Show Phy SAS and PCIE Events Information",
    
    "type": "object",
    "properties": {
        "Controllers": { "$ref": "#/definitions/controllersArray" } 
    },
    "additionalProperties": false,
    "required": [ "Controllers" ],
    "definitions": {
        "controllersArray" :{
            "type":"array",
            "items": {"$ref": "#/definitions/controllers-array"},
            "minItems": 1,
            "uniqueItems": true
        },
        "controllers-array": {
            "type": "object",
            "properties": {
                "Command Status": { "$ref": "status-schema.json#/definitions/status" },
                "Response Data": { "$ref": "#/definitions/responseData" }
            }, 
            "additionalProperties": false,
            "required": [ "Command Status" ]
        },
        "responseData": {
            "type": "object",
            "properties": {
                "SAS Link Event Info": { "$ref": "#/definitions/sas-link-event-info" },
                "PCIE Link Event Info": { "$ref": "#/definitions/pcie-link-event-info" }
       			},
			      "additionalProperties": false
        },		
		
        "sas-link-event-info": {
            "type": "array",
            "items": { "$ref": "#/definitions/SasLinkEventInfo" },
            "minItems": 1,
            "uniqueItems": true
        },
        "SasLinkEventInfo": {
            "type": "object",
            "properties": {
                "Phy No": { "type": "number", "minimum": 0},
                "Event Data" : { "type": "string" },
				"Event Info": { "type": "number"}
            },
			"additionalProperties": false
        },
        "pcie-link-event-info": {
            "type": "array",
            "items": { "$ref": "#/definitions/PcieLinkEventInfo" },
            "minItems": 1,
            "uniqueItems": true
        },
        "PcieLinkEventInfo": {
            "type": "object",
            "properties": {
                "Link No": { "type": "number", "minimum": 0},
                "Event Data" : { "type": "string" },
				"Event Info": { "type": "number"}
            },
			      "additionalProperties": false
        }
        
				
    }
}
