{
    "id": "file:///home/JSON-SCHEMA-FILES/controller-event-counters-schema.json",
    "$schema": "http://json-schema.org/draft-04/schema#",
    "description": "Operations- Host Trace Buffer params Support version 0.1",
    
    "type": "object",
    "properties": {
        "Controllers": { "$ref": "#/definitions/controllersArray" } 
    },
    "additionalProperties": false,
    "required": [ "Controllers" ],
    "definitions": {
        "controllersArray" :{
            "type":"array",
            "items": {"$ref": "#/definitions/controllers-array"},
            "minItems": 1,
            "uniqueItems": true
        },
        "controllers-array": {
            "type": "object",
            "properties": {
                "Command Status": { "$ref": "status-schema.json#/definitions/status" },
                "Response Data": { "$ref": "#/definitions/responseData" }
            },
            "additionalProperties": false,
            "required": [ "Command Status" ]
        },
        "responseData":{
            "type": "object",
            "properties": {
                "Controller Properties": {"$ref": "#/definitions/ctrl-props"},
                "SAS Event Counters": {"$ref": "#/definitions/sas-events"},
                "PCIe Event Counters": {"$ref": "#/definitions/pcie-events"}
            },
            "additionalProperties": false
        },
        "ctrl-props": {
            "type": "array",
            "items": {"$ref": "#/definitions/ctrlprops"},
            "minItems": 1,
            "uniqueItems": true
        },
        "sas-events": {
            "type": "array",
            "items": {"$ref": "#/definitions/sasevents"},
            "minItems": 1,
            "uniqueItems": true
        },
        "pcie-events": {
            "type": "array",
            "items": {"$ref": "#/definitions/pcieevents"},
            "minItems": 1,
            "uniqueItems": true
        },
        "ctrlprops": {
            "type": "object",
            "properties": {
                "Ctrl": { "type": "number", "minimum": 0},
                "Status": { "type": "string", "enum": [ "Success","Failed"] },
                "Method": {"type": "string"},
                "Value": {"type": "string"}
            },
            "additionalProperties": false,
            "required": ["Ctrl_Prop", "Value"]
        },
        "sasevents": {
            "type": "object",
            "properties": {
                "Ctrl_Prop": {"type": "string"},
                "Value": { "type": "number", "minimum": 0}
            },
            "additionalProperties": false,
            "required": ["Ctrl_Prop", "Value"]
        },
        "pcieevents": {
            "type": "object",
            "properties": {
                "Ctrl_Prop": {"type": "string"},
                "Value": { "type": "number", "minimum": 0}
            },
            "additionalProperties": false,
            "required": ["Ctrl_Prop", "Value"]
        }
    }
}