{
    "id": "file:///home/JSON-SCHEMA-FILES/controller-patrolread-schema.json",
    "$schema": "http://json-schema.org/draft-04/schema#",
    "description": "Operations- Patrol Read version 0.2",

    "type": "object",
    "properties": {
        "Controllers": {"$ref": "#/definitions/controllersArray"}
    },
    "additionalProperties": false,
    "required": ["Controllers"],
    "definitions": {
        "controllersArray": {
            "type": "array",
            "items": {"$ref": "#/definitions/controllers-array"},
            "minItems": 1,
            "uniqueItems": true
        },
        "controllers-array": {
            "type": "object",
            "properties": {
                "Command Status": {"$ref": "status-schema.json#/definitions/status"},
                "Response Data": {"$ref": "#/definitions/responseData"}
            },
            "additionalProperties": false,
            "required": ["Command Status"]
        },
        "responseData": {
            "type": "object",
            "properties": {
                "Controller Properties": {
                    "oneOf": [
                        { "$ref": "#/definitions/controller-property-1" },
                        { "$ref": "#/definitions/controller-property-2" }
                    ]
                }
            },
            "additionalProperties": false,
            "required": ["Controller Properties"]
        },
        "controller-property-1": {
            "type": "array",
            "items": [
                    {"$ref": "#/definitions/controller-properties-1"},
                    {"$ref": "#/definitions/controller-properties-2"},
                    {"$ref": "#/definitions/controller-properties-3"},
                    {"$ref": "#/definitions/controller-properties-4"},
                    {"$ref": "#/definitions/controller-properties-5"},
                    {"$ref": "#/definitions/controller-properties-6"},
                    {"$ref": "#/definitions/controller-properties-7"},
                    {"$ref": "#/definitions/controller-properties-8"}
            ],
            "minItems": 1,
            "uniqueItems": true
        },
        "controller-properties-1": {
            "type": "object",
            "properties": {
                "Ctrl_Prop": {"type": "string", "enum": ["PR Mode"]},
                "Value": {"type": "string","enum": ["Disable", "Auto", "Manual"]}
            },
            "additionalProperties": false,
            "required": ["Ctrl_Prop", "Value"]
        },
        "controller-properties-2": {
            "type": "object",
            "properties": {
                "Ctrl_Prop": {"type": "string", "enum": ["PR Execution Delay"]},
                "Value": {
                    "oneof": [
                        {"type": "string", "enum": ["unknown", "Continuous"]},
                        {"$ref": "common-schema.json#/definitions/time-hour"}
                    ]
                }
            },
            "additionalProperties": false,
            "required": ["Ctrl_Prop", "Value"]
        },
        "controller-properties-3": {
            "type": "object",
            "properties": {
                "Ctrl_Prop": {
                    "type": "string",
                    "enum": ["PR iterations completed"]
                },
                "Value": {
                    "$ref": "common-schema.json#/definitions/number-as-string"
                }
            },
            "additionalProperties": false,
            "required": ["Ctrl_Prop", "Value"]
        },
        "controller-properties-4": {
            "type": "object",
            "properties": {
                "Ctrl_Prop": {
                    "type": "string",
                    "enum": ["PR Next Start time"]
                },
                "Value": {
                    "$ref": "common-schema.json#/definitions/date-time"
                }
            },
            "additionalProperties": false,
            "required": ["Ctrl_Prop", "Value"]
        },
        "controller-properties-5": {
            "type": "object",
            "properties": {
                "Ctrl_Prop": {"type": "string","enum": ["PR on SSD"]},
                "Value": {
                    "type": "string",
                    "enum": ["Enabled", "OnlyMixed", "Disabled"]
                }
            },
            "additionalProperties": false,
            "required": ["Ctrl_Prop", "Value"]
        },
        "controller-properties-6": {
            "type": "object",
            "properties": {
                "Ctrl_Prop": { "type": "string", "enum": ["PR Current State"]},
                "Value": {
                    "oneof": [
                        {"type": "string", "enum": ["Paused", "Stopped", "Ready", "Active", "Aborted", "Unknown"]},
                        { "type": "string", "pattern": "^((Active) (\\d{1}|\\d{2}|\\d{3}|\\d{4}|\\d{5}))$" }
                    ]
                }
            },
            "additionalProperties": false,
            "required": ["Ctrl_Prop", "Value"]
        },
        "controller-properties-7": {
            "type": "object",
            "properties": {
                "Ctrl_Prop": { "type": "string", "enum": ["PR Excluded VDs"]},
                "Value": { "type": "string" }
            },
            "additionalProperties": false,
            "required": ["Ctrl_Prop", "Value"]
        },
        "controller-properties-8": {
            "type": "object",
            "properties": {
                "Ctrl_Prop": { "type": "string", "enum": ["PR MaxConcurrentPd"]},
                "Value": { "type": "string" }
            },
            "additionalProperties": false,
            "required": ["Ctrl_Prop", "Value"]
        },
        "controller-property-2": {
            "type" : "array",
            "items": [ {"$ref": "#/definitions/property-type-1"} ],
            "minItems" : 1,
            "uniqueItems": true
        },
        "property-type-1": {
            "type": "object",
            "properties": {
                "Ctrl": { "type": "number", "minimum": 0, "maximum": 15 },
                "Method": { "type": "string", "enum": [ "Start PatrolRead", "Pause PatrolRead", "Resume PatrolRead", "Stop PatrolRead" ] },
                "Result": { "type": "string", "enum": [ "Success", "Failed", "Not Supported" ] },
                "ErrMsg": { "type": "string" },
                "ErrCd": { "type": "number" }
            },
            "additionalProperties": false,
            "required": [ "Ctrl", "Method", "Result" ]
        }
    }
}