{
    "id": "file:///home/JSON-SCHEMA-FILES/controller-phy-show-operations-schema.json",
    "$schema": "http://json-schema.org/draft-04/schema#",
    "description": "JBOD show version 0.1",
    
    "type": "object",
    "properties": {
        "Controllers": { "$ref": "#/definitions/controllersArray" } 
    },
    "additionalProperties": false,
    "required": [ "Controllers" ],
    "definitions": {
        "controllersArray" :{
            "type":"array",
            "items": {"$ref": "#/definitions/controllers-array"},
            "minItems": 1,
            "uniqueItems": true
        },
        "controllers-array": {
            "type": "object",
            "properties": {
                "Command Status": { "$ref": "status-schema.json#/definitions/status" },
                "Response Data": { "$ref": "#/definitions/responseData" }
            }, 
            "additionalProperties": false,
            "required": [ "Command Status" ]
        },
        "responseData": {
            "type": "object",
            "properties": {
                "PhyInfo": { "$ref": "#/definitions/phy-list" },
				"Phy Error Counters": { "$ref": "#/definitions/phy-err-counters" }
            },
			"additionalProperties": false,
            "required": [ "PhyInfo"]
        },		
		"phy-list": {
            "type": "array",
            "items": { "$ref": "#/definitions/phyList" },
            "minItems": 1,
            "uniqueItems": true
        },
        "phyList": {
            "type": "object",
            "properties": {
                "PhyNo": { "type": "number", "minimum": 0},
                "SAS_Addr" : { "$ref": "common-schema.json#/definitions/sas-address" },
                "Phy_Identifier" : { "type": "number", "minimum": 0},            
                "Link_Speed" : { "$ref": "common-schema.json#/definitions/speed" },
                "Device_Type " : { "type": "string","enum": [ "End Device",
                                                              "Edge Expander", 
															  "Fanout Expander",
															  "SATA Device",
															  "SMP Initiator",
															  "STP Initiator",
															  "SSP Initiator",
															  "SMP Target",
															  "STP Target",
															  "SSP Target",
															  "-"
															],
                "MaxSpeed" : { "$ref": "common-schema.json#/definitions/speed" },
				"Enbl" : { "type": "string", "enum": [ "Y", "N" ] }
				},
                "Port" : { "type": "number", "minimum": 0},
                "Port_valid" : {"type": "number", "minimum": 0},
                "Description" : {"type": "string"},
                "Link_Speed" : { "$ref": "common-schema.json#/definitions/speed" }
            },
			"additionalProperties": false,
			"required": ["PhyNo","SAS_Addr","Phy_Identifier","Link_Speed","Device_Type ","Port","Port_valid","Description"]
        },
		"phy-err-counters": {
			"type": "array",
            "items": { "$ref": "#/definitions/phyErrCounters" },
            "minItems": 1,
            "uniqueItems": true
        },			
		"phyErrCounters": {
		    "type": "object",
            "properties": {
                "Phy_No": { "type": "number", "minimum": 0},
                "Invld_Dwrd_Cnt" : { "type": "number", "minimum": 0 },
                "Dis_Prt_Err_Cnt" : {"type": "number", "minimum": 0},            
                "Ls_Dwrd_Syn_Cnt" : { "type": "number", "minimum": 0 },
                "Phy_Rst_Prbl_Cnt" : { "type": "number", "minimum": 0 }
			},
			"additionalProperties": false,
			"required": ["Phy_No","Invld_Dwrd_Cnt","Dis_Prt_Err_Cnt","Ls_Dwrd_Syn_Cnt","Phy_Rst_Prbl_Cnt"]		
		}		
    }
}