{ 
    "id": "file:///home/JSON-SCHEMA-FILES/controller-phy-set-schema.json",
    "$schema": "http://json-schema.org/draft-04/schema#",
    "description": "Controller Phy Set 0.2",
    
    "type": "object",
    "properties": {
        "Controllers": { "$ref": "#/definitions/controllersArray" } 
    },
    "additionalProperties": false,
    "required": [ "Controllers" ],
    "definitions": {
        "controllersArray" : {
            "type":"array",
            "items": {"$ref": "#/definitions/controllers-array"},
            "minItems": 1,
            "uniqueItems": true
        },
        "controllers-array": {
            "type": "object",
            "properties": {
                "Command Status": { "$ref": "status-schema.json#/definitions/status" },
                "Response Data": { "$ref": "#/definitions/responseData" }
            }, 
            "additionalProperties": false,
            "required": [ "Command Status" ]
        },
       "responseData": {
            "oneOf" : [
                { "$ref": "#/definitions/property1" },
                { "$ref": "#/definitions/property2" }
            ]
        },
        "property1" : {
            "type": "object",
            "properties": {
                "Phy Info": { "$ref": "#/definitions/phy-info" }
            }, 
            "additionalProperties" : false,
            "required" : [ "Phy Info" ]
        }, 
        "property2" : {
            "type": "object",
            "properties": {
                "Phy Info" : { "$ref": "#/definitions/phy-state-info" }
            }, 
            "additionalProperties" : false,
            "required" : [ "Phy Info" ]
        },
        "phy-info": {
            "type": "array",
            "items": { "$ref": "#/definitions/phyInfo" },
            "minItems": 1,
            "uniqueItems": true
        },
        "phy-state-info": {
            "type": "array",
            "items": { "$ref": "#/definitions/stateInfo" },
            "minItems": 1,
            "uniqueItems": true
        },
        "phyInfo": {
            "type": "object",
            "properties": {
                "Phy No": { "type": "number", "minimum": 0},
                "LinkSpeed": {  "$ref": "common-schema.json#/definitions/speed" },
                "State": { "type": "string", "enum": ["ON", "OFF"] },
                "Description": {"type": "string"}
            },
            "additionalProperties": false,
            "required": ["Phy No","Description"]
        },
        "stateInfo": {
            "type": "object",
            "properties": {
                "PhyNo": { "type": "number", "minimum": 0},
                "Operation": { "$ref": "common-schema.json#/definitions/boolean-on-off" },
                "Description": {"type": "string"}
            },
            "additionalProperties": false,
            "required": [ "PhyNo", "Operation", "Description"]
        }
    }
}