{
    "id": "file:///home/JSON-SCHEMA-FILES/controller-cc-schema.json",
    "$schema": "http://json-schema.org/draft-04/schema#",
    "description": "Operations- CC version 0.1",
    
    "type": "object",
    "properties": {
        "Controllers": { "$ref": "#/definitions/controllersArray" } 
    },
    "additionalProperties": false,
    "required": [ "Controllers" ],
    "definitions": {
        "controllersArray" :{
            "type":"array",
            "items": {"$ref": "#/definitions/controllers-array"},
            "minItems": 1,
            "uniqueItems": true
        },
        "controllers-array": {
            "type": "object",
            "properties": {
                "Command Status": { "$ref": "status-schema.json#/definitions/status" },
                "Response Data": { "$ref": "#/definitions/responseData" }
            },
            "additionalProperties": false,
            "required": [ "Command Status" ]
        },
        "responseData":{
            "type": "object",
            "properties": {
                "Controller Properties": {"$ref": "#/definitions/controller-properties"}
            },
            "additionalProperties": false,
            "required": ["Controller Properties"]
        },
        "controller-properties": {
            "type": "array",
            "items": {"$ref": "#/definitions/controllerProperties"},
            "minItems": 1,
            "uniqueItems": true
        },
		"controllerProperties": {
			"type": "object",
            "properties": {
                "Ctrl_Prop": {"type": "string", "enum": [ "CC Operation Mode", "CC Execution Delay", "CC Next Starttime", "CC Current State", "CC Number of iterations", "CC Number of VD completed", "CC Excluded VDs", "CC Mode", "CC Starttime", "CC ExcludeVD", "CC delay", "CC ExcludeVD(None)"]},
                "Value": {
					"oneOf": [
						{ "type": "string", "enum":["Disabled", "Sequential","Concurrent", "Invalid", "Continuous", "None", "SEQ", "CONC", "OFF"] },
						{ "$ref": "common-schema.json#/definitions/date-time" },
						{ "type": "string", "enum": ["Stopped", "Ready", "Active", "Aborted", "Unknown"] },
						{ "$ref": "common-schema.json#/definitions/number-as-string"},
						{ "$ref": "common-schema.json#/definitions/sequential-number-with-comma"}
					]
				}
            },
            "additionalProperties": false,
            "required": ["Ctrl_Prop", "Value"]
		}      
    }
}