{
    "id": "file:///home/JSON-SCHEMA-FILES/controller-lane-set-schema.json",
    "$schema": "http://json-schema.org/draft-04/schema#",
    "description": "JBOD show version 0.1",
    
    "type": "object",
    "properties": {
        "Controllers": { "$ref": "#/definitions/controllersArray" } 
    },
    "additionalProperties": false,
    "required": [ "Controllers" ],
    "definitions": {
        "controllersArray" :{
            "type":"array",
            "items": {"$ref": "#/definitions/controllers-array"},
            "minItems": 1,
            "uniqueItems": true
        },
        "controllers-array": {
            "type": "object",
            "properties": {
                "Command Status": { "$ref": "status-schema.json#/definitions/status" },
                "Response Data": { "$ref": "#/definitions/responseData" }
            }, 
            "additionalProperties": false,
            "required": [ "Command Status" ]
        },
        "responseData": {
            "type": "object",
            "properties": {
                "Lane Info": { "$ref": "#/definitions/lane-info" }
            },
			"additionalProperties": false,
            "required": ["Lane Info"]
        },
		"lane-info": {
            "type": "array",
            "items": { "$ref": "#/definitions/laneInfo" },
            "minItems": 1,
            "uniqueItems": true
        },
		"laneInfo": {
			"type": "object",
			"properties": {
				"Lane No": {
					"oneOf": [
						{ "type": "string","value": "all" },
						{ "type": "number", "minimum": 0 }
					]
				},
				"LaneSpeed": {  "$ref": "common-schema.json#/definitions/lane-speed" },
				"Description": {"type": "string"}
			},
			"additionalProperties": false,
            "required": ["Lane No","LaneSpeed","Description"]
		}
	}	
}