{
    "id": "file:///home/JSON-SCHEMA-FILES/controller-spdm-schema.json",
    "$schema": "http://json-schema.org/draft-04/schema#",
    "title": "SPDM",
    "description": "SPDM controller commands 0.1",
    
    "type": "object",
    "properties": {
        "Controllers": { "$ref": "#/definitions/controllersArray" } 
    },
    "additionalProperties": false,
    "required": [ "Controllers" ],
    "definitions": {
        "controllersArray" :{
            "type":"array",
            "items": {"$ref": "#/definitions/controllers-array"},
            "minItems": 1,
            "uniqueItems": true
        },
        "controllers-array": {
            "type": "object",
            "properties": {
                "Command Status": { "$ref": "status-schema.json#/definitions/status" },
                "Response Data": { "$ref": "#/definitions/responseData" }
            },
            "additionalProperties": false,
            "required": [ "Command Status" ]
        },
        "responseData":{
            "type": "object",
            "properties": {
                "Slot Status Details": {"$ref": "#/definitions/slot-status"}
            },
            "additionalProperties": false,
            "required": ["Slot Status Details"]
        },
        "slot-status": {
            "type": "array",
            "items": {"$ref": "#/definitions/slotstatus"},
            "minItems": 1,
            "uniqueItems": true
        },
        "slotstatus": {
            "type": "object",
            "properties": {
                "SlotGroup"           : {"type": "number", "minimum": 0},
                "Slot"                : {"type": "number", "minimum": 0},
				"IsEmpty"             : { "$ref": "common-schema.json#/definitions/boolean-yes-no" },
				"ContainsCertificate" : { "$ref": "common-schema.json#/definitions/boolean-yes-no" },
				"Sealed"              : { "$ref": "common-schema.json#/definitions/boolean-yes-no" },
                "Base Algorithm"      : { "$ref": "#/definitions/basealgo" },
                "Hash Algorithm"      : { "$ref": "#/definitions/hashalgo" }
            },
            "additionalProperties": false,
            "required": [ "SlotGroup", "Slot", "IsEmpty", "ContainsCertificate" ]
        }
    }
}