{
    "id": "file:///home/JSON-SCHEMA-FILES/controller-phyerrorcounters-schema.json",
    "$schema": "http://json-schema.org/draft-04/schema#",
    "description": "Controller Phy error counters - version 0.2",
    
    "type": "object",
    "properties": {
        "Controllers": { "$ref": "#/definitions/controllersArray" }
    },
    "additionalProperties": false,
    "required": [ "Controllers" ],
    "definitions": {
        "controllersArray" :{
            "type":"array",
            "items": { "$ref": "#/definitions/controllers-phys" },
            "minItems": 1,
            "uniqueItems": true
        },
        "controllers-phys": {
            "type": "object", 
            "properties": {
                "Command Status": { "$ref": "status-schema.json#/definitions/status" },
                "Response Data": {
                    "oneOf": [
                        { "$ref": "mr-controller-phyerrorcounters-schema.json#/definitions/mr-controller-phy-properties" },
                        { "$ref": "it-controller-phyerrorcounters-schema.json#/definitions/it-controller-phy-properties" }
                    ]
                }
            }, 
            "additionalProperties": false,
            "required": [ "Command Status" ]
        }
    }
}