{
    "id": "file:///home/JSON-SCHEMA-FILES/controller-linkconfig-schema.json",
    "$schema": "http://json-schema.org/draft-04/schema#",
    "title": "Link Configuration",
    "description": "Comman schema variables - version 0.1",
    
    "type": "object",
    "properties": {
        "Controllers": { "$ref": "#/definitions/controllersArray" } 
    },
    "additionalProperties": false,
    "required": [ "Controllers" ],
    "definitions": {
        "controllersArray" :{
            "type":"array",
            "items": {"$ref": "#/definitions/controllers-array"},
            "minItems": 1,
            "uniqueItems": true
        },
        "controllers-array": {
            "type": "object",
            "properties": {
                "Command Status": { "$ref": "status-schema.json#/definitions/status" },
                "Response Data": { "$ref": "#/definitions/responseData" }
            },
            "additionalProperties": false,
            "required": [ "Command Status" ]
        },
        "responseData":{
            "type": "object",
            "properties": {
                "Current Config": { "$ref": "#/definitions/current-config" },
                "Pending Config": { "$ref": "#/definitions/pending-config" },
                "Available Config": { "$ref": "#/definitions/available-config" },
                "Link Configuration": { "$ref": "#/definitions/link-configuration" }
            },
            "additionalProperties": false,
            "required": [ "Link Configuration" ]
        },
        "current-config": {
            "type": "array",
            "items": { "$ref": "#/definitions/currentConfig" },
            "minItems": 1,
            "uniqueItems": true
        },
        "pending-config": {
            "type": "array",
            "items": { "$ref": "#/definitions/pendingConfig" },
            "minItems": 1,
            "uniqueItems": true
        },
        "available-config": {
            "type": "array",
            "items": { "$ref": "#/definitions/availableConfig" },
            "minItems": 1,
            "uniqueItems": false
        },
        "pendingConfig": {
            "type": "object",
            "properties": {
                "Conn": {
		"oneOf": [
                        {"type": "string", "pattern": "([a]|[^a])"},
                       	{"type": "string", "pattern": "^$"}
		     ]
		},
                "ConfigID": { "type": "number", "minimum": 0 },
                "LinkConfig": { 
                                "oneOf" : [ 
                                    { "type": "string", "pattern": "^[\\d{1}\\-\\d{1}:x\\d{1}]+(,[\\d{1}\\-\\d{1}:x\\d{1}]+)*$" },
                                    { "type": "string", "pattern": "^$" }
                                ]
                            }
            },
            "additionalProperties": false,
            "required": [ "Conn", "ConfigID", "LinkConfig" ]
        },
        "availableConfig": {
            "type": "object",
            "properties": {
                "ConfigID": { "type": "number", "minimum": 0 },
                "LinkConfig": { 
                "oneOf": [ 
                        {"type": "string", "pattern": "^[\\d{1}\\-\\d{1}:x\\d{1}]+(,[\\d{1}\\-\\d{1}:x\\d{1}]+)*$" },
                        {"type": "string", "pattern": "^$" }
                    ]
                 }
            },
            "additionalProperties": false,
            "required": [ "ConfigID", "LinkConfig" ]
        },
        "currentConfig": {
            "type": "object",
            "properties": {
                "Conn": {
		"oneOf": [
                        {"type": "string", "pattern": "([a]|[^a])"},
                       	{"type": "string", "pattern": "^$"}
		     ]
		},
                "ConfigID": { "type": "number", "minimum": 0 },
                "LinkConfig": { 
                "oneOf": [
                       {"type": "string", "pattern": "^[\\d{1}\\-\\d{1}:x\\d{1}]+(,[\\d{1}\\-\\d{1}:x\\d{1}]+)*$" },
                       {"type": "string", "pattern": "^$"}
                     ]
            }
            },
            "additionalProperties": false,
            "required": [ "Conn", "ConfigID", "LinkConfig" ]
        },
        "link-configuration": {
            "type": "string"
        }
    }
}
