{
    "id": "file:///home/JSON-SCHEMA-FILES/controller-IT-lane-show-schema.json",
    "$schema": "http://json-schema.org/draft-04/schema#",
    "description": "Operations- Show Lane Information",
    
    "type": "object",
    "properties": {
        "Controllers": { "$ref": "#/definitions/controllersArray" } 
    },
    "additionalProperties": false,
    "required": [ "Controllers" ],
    "definitions": {
        "controllersArray" :{
            "type":"array",
            "items": {"$ref": "#/definitions/controllers-array"},
            "minItems": 1,
            "uniqueItems": true
        },
        "controllers-array": {
            "type": "object",
            "properties": {
                "Command Status": { "$ref": "status-schema.json#/definitions/status" },
                "Response Data": { "$ref": "#/definitions/responseData" }
            }, 
            "additionalProperties": false,
            "required": [ "Command Status" ]
        },
        "responseData": {
            "type": "object",
            "properties": {
                "LaneInformation": { "$ref": "#/definitions/lane-info" }
            },
			"additionalProperties": false,
            "required": [ "LaneInformation" ]
        },
		"lane-info": {
            "type": "array",
            "items": { "$ref": "#/definitions/LaneInformation" },
            "minItems": 1,
            "uniqueItems": true
        },
        "LaneInformation": {
            "type": "object",
            "properties": {
                "LaneNo": { "type": "number", "minimum": 0},
                "LaneId" : { "type": "number", "minimum": 0 },
                "Enbl" : {"$ref": "common-schema.json#/definitions/boolean-yes-no"},            
                "Conn" : { "type": "number", "minimum": 0 },
                "Link" : {
					"oneOf": [
							{ "type": "number", "minimum": 0 },
							{ "type": "string", "enum": ["--"] }
					]
				},
                "CurrSpeed" : { "type": "string" },
                "Wwid" : { "type": "string" },
                "SupSpeed" : {"type": "string"},
                "Device_Type" : { "type": "string","enum": [ "Switch", "NVMe End Device", "SCSI Device", "-" ] },
				"Attach_PhyID" : { "type": "string" },
                "Attach_DevHndl" : { "type": "string" },
				"Port" : { "type": "string" },
				"DIRAD" : { "type": "string" },
				"DTYPE" : { "type": "string" },
                "ABS" : { "type": "string" },
                "Access" : { "type": "string" }
            },			
			"additionalProperties": false,
            "required": ["LaneNo","LaneId","Enbl","Conn","Link","CurrSpeed","Wwid","SupSpeed","Device_Type","Attach_PhyID","Attach_DevHndl","Port","DIRAD","DTYPE","ABS"]
        }
    }
}