{
    "id": "file:///home/JSON-SCHEMA-FILES/controller-mux-operations-schema.json",
    "$schema": "http://json-schema.org/draft-04/schema#",
    "description": "Mux show version 0.2",
    
    "type": "object",
    "properties": {
        "Controllers": { "$ref": "#/definitions/controllersArray" } 
    },
    "additionalProperties": false,
    "required": [ "Controllers" ],
    "definitions": {
        "controllersArray" :{
            "type":"array",
            "items": {"$ref": "#/definitions/controllers-array"},
            "minItems": 1,
            "uniqueItems": true
        },
        "controllers-array": {
            "type": "object",
            "properties": {
                "Command Status": { "$ref": "status-schema.json#/definitions/status" },
                "Response Data": { "$ref": "#/definitions/responseData" }
            }, 
            "additionalProperties": false,
            "required": [ "Command Status" ]
        },
        "responseData": {
            "type": "object",
            "properties": {
                "Connector Mode Info": { "$ref": "#/definitions/conn-mode-info" },
				"Mux Info": { "$ref": "#/definitions/mux-info" }
            },
			"additionalProperties": false,
            "required": ["Connector Mode Info"]
        },
		"conn-mode-info": {
			"type": "array",
			"items": {"$ref": "#/definitions/connModeInfo"},
			"minItems": 1,
			"uniqueItems": true
		},
		"connModeInfo": {
			"type": "object",
			"properties": {
				"Ctrl":{ "type": "number", "minimum": 0 },
				"Status":{ "$ref": "common-schema.json#/definitions/status-messages" },
				"Modecount_No":{ "type": "number", "minimum": 0 },
				"Value":{ "type": "string" }
			},
			"additionalProperties": false,
			"required":["Ctrl","Status","Modecount_No","Value"]
		}
	}	
}	
		