{
    "id": "file:///home/JSON-SCHEMA-FILES/controller-perfmode-values-schema.json",
    "$schema": "http://json-schema.org/draft-04/schema#",
    "description": "Operations- Permode Values version 0.1",
    
    "type": "object",
    "properties": {
        "Controllers": { "$ref": "#/definitions/controllersArray" } 
    },
    "additionalProperties": false,
    "required": [ "Controllers" ],
    "definitions": {
        "controllersArray" :{
            "type":"array",
            "items": {"$ref": "#/definitions/controllers-array"},
            "minItems": 1,
            "uniqueItems": true
        },
        "controllers-array": {
            "type": "object",
            "properties": {
                "Command Status": { "$ref": "status-schema.json#/definitions/status" },
                "Response Data": { "$ref": "#/definitions/responseData" }
            },
            "additionalProperties": false,
            "required": [ "Command Status" ]
        },
        "responseData":{
            "type": "object",
            "properties": {
                "Controller Properties": {
                    "oneOf": [
                        {"$ref": "#/definitions/properties-noSupport" },
                        { "$ref": "#/definitions/controller-properties" }
                    ]
                }
            },
            "additionalProperties": false,
            "required": ["Controller Properties"]
        },
        "properties-noSupport": {
            "type": "array",
            "items": {"$ref": "#/definitions/propertiesNoSupport"},
            "minItems": 1,
            "uniqueItems": true
        },
        "propertiesNoSupport": {
            "type": "object",
            "properties": {
                "Ctrl_Prop": {"type": "string", "pattern": "^(Perf Mode Values)$" },
                "Value": { "type": "string", "enum": [ "FW doesn't support Perf Tuning" ] }
            },
            "additionalProperties": false,
            "required": ["Ctrl_Prop", "Value"]
        },
        "controller-properties": {
            "type": "array",
            "items": {"$ref": "#/definitions/controllerProperties"},
            "minItems": 1,
            "uniqueItems": true
        },
        "controllerProperties": {
            "type": "object",
            "patternProperties": {
                "^(Ctrl_Prop)$" : { "type": "string", "pattern": "^((Perf Tuned Mode: \\d{1}, Max Flush lines)|(Perf Tuned Mode: \\d{1}, Number Order IOs)|(Perf Tuned Mode: 1, Max PD I/O Latency\\(ms\\)))$" },
                "^(Value)$": { "$ref": "common-schema.json#/definitions/number-as-string" }
                
            },
            "additionalProperties": false,
            "uniqueProperties": true
        }
    }
}