{
    "id": "file:///home/JSON-SCHEMA-FILES/controller-bios-schema.json",
    "$schema": "http://json-schema.org/draft-04/schema#",
    "description": "Operations- BIOS version 0.1",
    
    "type": "object",
    "properties": {
        "Controllers": { "$ref": "#/definitions/controllersArray" } 
    },
    "additionalProperties": false,
    "required": [ "Controllers" ],
    "definitions": {
        "controllersArray" :{
            "type":"array",
            "items": {"$ref": "#/definitions/controllers-array"},
            "minItems": 1,
            "uniqueItems": true
        },
        "controllers-array": {
            "type": "object",
            "properties": {
                "Command Status": { "$ref": "status-schema.json#/definitions/status" },
                "Response Data": { "$ref": "#/definitions/responseData" }
            },
            "additionalProperties": false,
            "required": [ "Command Status" ]
        },
        "responseData":{
            "type": "object",
            "properties": {
                "Controller Properties": {"$ref": "#/definitions/controller-properties"}
            },
            "additionalProperties": false,
            "required": ["Controller Properties"]
        },
        "controller-properties": {
            "type": "array",
            "items": {"$ref": "#/definitions/controllerProperties"},
            "minItems": 1,
            "uniqueItems": true
        },
        "controllerProperties": {
            "type": "object",
            "properties": {
                "Ctrl_Prop": {"type": "string", "enum": [ "Basic Input/Output System (BIOS)", "BIOS",
														  "Auto Boot Select(ABS)", "Auto Select Boot Logical Drive",
														  "BIOS Boot Mode", "BIOS Mode", "Device Exposure" ]},
                "Value": {
					"oneOf": [
						{ "$ref": "common-schema.json#/definitions/boolean-on-off" },
						{ "$ref": "common-schema.json#/definitions/number-as-string" },
						{ "type": "string", "enum": [ "Stop on errors", "Pause on errors", "Ignore errors", "Safe mode on errors",
                                                       "SOE", "PE", "IE", "SME", "Expose All"] }
					]
				}
            },
            "additionalProperties": false,
            "required": ["Ctrl_Prop", "Value"]
        }
    }
}