{
    "id": "file:///home/JSON-SCHEMA-FILES/controller-it-pall-show-schema.json",
    "$schema": "http://json-schema.org/draft-04/schema#",
    "description": "Operations- Show Phy Information",
    
    "type": "object",
    "properties": {
        "Controllers": { "$ref": "#/definitions/controllersArray" } 
    },
    "additionalProperties": false,
    "required": [ "Controllers" ],
    "definitions": {
        "controllersArray" :{
            "type":"array",
            "items": {"$ref": "#/definitions/controllers-array"},
            "minItems": 1,
            "uniqueItems": true
        },
        "controllers-array": {
            "type": "object",
            "properties": {
                "Command Status": { "$ref": "status-schema.json#/definitions/status" },
                "Response Data": { "$ref": "#/definitions/responseData" }
            }, 
            "additionalProperties": false,
            "required": [ "Command Status" ]
        },
        "responseData": {
            "type": "object",
            "properties": {
                "Test Link State": { "$ref": "#/definitions/test-link-state" }
       			},
			      "additionalProperties": false
        },		
		
        "test-link-state": {
            "type": "array",
            "items": { "$ref": "#/definitions/TestLinkState" },
            "minItems": 1,
            "uniqueItems": true
        },
        "TestLinkState": {
            "type": "object",
            "properties": {
                "PhyNo": { "type": "number", "minimum": 0},
                "SASLinkSpeed" : { "$ref": "common-schema.json#/definitions/speed" },
                "Link" : { "type": "string" },
                "HBASASADDR" : { "$ref": "common-schema.json#/definitions/sas-address" },
                "Enbl" : { "type": "string" },
                "APhy" : { "type": "string" },
                "AhDH" : { "type": "string" },
                "AhDevAddr" : { "$ref": "common-schema.json#/definitions/sas-address" },
                "Port" : { "type": "string" },
                "Vendor" : { "type": "string" },
                "SMPT" : { "type": "string" },
                "SMPI" : { "type": "string" },
                "STPT" : { "type": "string" },
                "STPI" : { "type": "string" },
                "SSPT" : { "type": "string" },
                "SSPI" : { "type": "string" },
                "SEPDI" : { "type": "string" },
                "ATAPT" : { "type": "string" },
                "DIRAD" : { "type": "string" },
                "SATAH" : { "type": "string" },
                "SATAE" : { "type": "string" },
                "DTYPE" : { "type": "string" },
                "ABS" : { "type": "string" }
            },
			      "additionalProperties": false
        }
        
				
    }
}
