{ 
    "id": "file:///home/JSON-SCHEMA-FILES/controller-phy-reset-schema.json",
    "$schema": "http://json-schema.org/draft-04/schema#",
    "description": "Controller Phy reset - version 0.1",
    
    "type": "object",
    "properties": {
        "Controllers": { "$ref": "#/definitions/controllersArray" } 
    },
    "additionalProperties": false,
    "required": [ "Controllers" ],
    "definitions": {
        "controllersArray" : {
            "type":"array",
            "items": {"$ref": "#/definitions/controllers-array"},
            "minItems": 1,
            "uniqueItems": true
        },
        "controllers-array": {
            "type": "object",
            "properties": {
                "Command Status": { "$ref": "status-schema.json#/definitions/status" },
                "Response Data": { "$ref": "#/definitions/responseData" }
            }, 
            "additionalProperties": false,
            "required": [ "Command Status" ]
        },
       "responseData": {
            "type": "object",
            "properties": {
                "Phy Info": {"$ref": "#/definitions/phy-info"}
            },
            "additionalProperties": false,
            "required": ["Phy Info"]
        },
        "phy-info": {
            "type": "array",
            "items": { "$ref": "#/definitions/phyInfo" },
            "minItems": 1,
            "uniqueItems": true
        },
        "phyInfo": {
            "type": "object",
            "properties": {
                "PhyNo": { "type": "number", "minimum": 0},
                "Operation": { "type": "string", "enum": [ "reset", "hard reset", "reset events"] },
                "Description": {"type": "string"}
            },
            "additionalProperties": false,
            "required": ["PhyNo","Operation","Description"]
        }
    }
}