{
    "id": "file:///home/JSON-SCHEMA-FILES/drive-show-errorcounters-schema.json",
    "$schema": "http://json-schema.org/draft-04/schema#",
    "description": "Drive show errorcounters version 0.1",
    
    "type": "object",
    "properties": {
        "Controllers": { "$ref": "#/definitions/controllersArray" } 
    },
    "additionalProperties": false,
    "required": [ "Controllers" ],
    "definitions": {
        "controllersArray" :{
            "type":"array",
            "items": {"$ref": "#/definitions/controllers-array"},
            "minItems": 1,
            "uniqueItems": true
        },
        "controllers-array": {
            "type": "object",
            "properties": {
                "Command Status": { "$ref": "status-schema.json#/definitions/status" },
                "Response Data": { "$ref": "#/definitions/responseData" }
            },
            "additionalProperties": false,
            "required": [ "Command Status" ]
        },
        "responseData":{
            "type": "object",
            "properties": {
                "Error Counters": {"$ref": "#/definitions/error-counters"}
            },
            "additionalProperties": false,
            "required": ["Error Counters"]
        },
        "error-counters": {
            "type": "array",
            "items": {"$ref": "#/definitions/errorCounters"},
            "minItems": 1,
            "uniqueItems": true
        },
        "errorCounters": {
            "type": "object",
            "properties": {
                "Drive": { "$ref": "common-schema.json#/definitions/driveSyntax" },
                "Error counter for Drive": { "type": "number", "minimum": 0},
				"Error counter for Slot": { "type": "number", "minimum": 0}
            },
            "additionalProperties": false,
            "required": [ "Drive", "Error counter for Drive", "Error counter for Slot" ]
        }
    }
}