{
    "id": "file:///home/JSON-SCHEMA-FILES/drive-operations-patrolread-schema.json",
    "$schema": "http://json-schema.org/draft-04/schema#",
    "title": "Operation",
    "description": "Operations- version 0.1",
    
    "type": "object",
    "properties": {
        "Controllers": { "$ref": "#/definitions/controllersArray" } 
    },
    "additionalProperties": false,
    "required": [ "Controllers" ],
    "definitions": {
        "controllersArray" :{
            "type":"array",
            "items": {"$ref": "#/definitions/controllers-array"},
            "minItems": 1,
            "uniqueItems": true
        },
        "controllers-array": {
            "type": "object",
            "properties": {
                "Command Status": { "$ref": "status-schema.json#/definitions/status" },
				"Response Data":  { "$ref": "#/definitions/responseData" }
            },
            "additionalProperties": false,
            "required": [ "Command Status" ]
        },
		"responseData": {
			"type": "array",
            "items": { "$ref": "#/definitions/response-data" },
            "minItems": 1,
            "uniqueItems": true
		},
		"response-data": {
			"type": "object",
			"properties": {
				"Drive-ID": { "$ref": "common-schema.json#/definitions/driveSyntax" },
				"Progress%": {
					"oneOf": [
						{ "type": "string", "pattern": "^-$" },
						{ "type": "number", "minimum": 0}
					]
				},
				"Status": { "type": "string", "enum": ["Not in progress", "Paused", "Completed", "In progress"] },
				"Estimated Time Left": {
					"oneOf": [
						{ "type": "string", "pattern": "^-$" },
						{ "$ref":"common-schema.json#/definitions/time-day-hour-min" }
					]
				}				
			},
			"additionalProperties": false,
			"required": [ "Drive-ID", "Progress%", "Status", "Estimated Time Left" ]
		}
		
    }
}