{
    "id": "file:///home/JSON-SCHEMA-FILES/drive_group_mirror_schema.json",
    "schema": "http://json-schema.org/draft-04/schema#",
    "description": "Drive group Information (SHOW) - version 0.1",
    
    "type": "object",
    "properties": {
        "Controllers": { "$ref": "#/definitions/controllersArray" }
    },
    "additionalProperties": false,
    "required": [ "Controllers" ],
    "definitions": {
        "controllersArray": {
            "type": "array",
            "items": { "$ref": "#/definitions/controllers-array" },
            "minItems": 1,
            "uniqueItems": true
        },
        "controllers-array": {
            "type":"object",
            "properties": {
                "Command Status": { "$ref": "status-schema.json#/definitions/status" },
                "Response Data": { "$ref": "#/definitions/responseData" }
            },
            "additionalProperties": false,
            "required": [ "Command Status" ]
        },
        "responseData": {
            "type": "object",
            "properties": {
                "Response Data": { "$ref": "#/definitions/response-data" }
            },
            "additionalProperties": false,
            "required": [ "Response Data" ]
        },
        "response-data": {
            "type": "object",
            "properties": {
                "TOPOLOGY": { "$ref": "#/definitions/topology" }
            },
            "additionalProperties": false,
            "required": [ ]
        },
		"topology": {
            "type": "array",
            "items": { "$ref": "#/definitions/topology-list" },
            "minItems": 1,
            "uniqueItems": true
        },
		"topology-list": {
            "type": "object",
            "properties": {
              "DG" : {
                    "oneOf": [
                        {"type": "number", "minimum": 0},
                        {"type": "string", "pattern": "^-$"}
                    ]
              },
				"EID:Slot" : {"type": "string", "pattern": "^(((\\d{1}|\\d{2}|\\d{3}):(\\d{1}|\\d{2}|\\d{3}))|-)$"},
				"DID" : {
					"oneOf": [
						{"type": "number", "minimum": 0},
						{"type": "string", "pattern": "^-|F$"}
					]
				},
				"Type": {
					"oneOf": [
						{ "type": "string", "pattern": "^RAID(\\d{1}|\\d{2})$" },
						{  "type": "string", "enum": [ "DRIVE" , "-"] }
					]
				},
				"State" : {"type": "string", "enum": ["OfLn", "Pdgd", "Dgrd", "Optl", "Frgn", "Msng", "UGood", "UBad", "Offln", "Onln", "Rbld", "Failed", "Cpybck", "JBOD" ,
                                                    "GHS", "DHS", "UGUnsp", "UGShld", "HSPShld", "CFShld", "CBShld", "-"]},
				"Size" : {"type": "string", "pattern": "^((\\d{1}|\\d{2}|\\d{3}).(\\d{1}|\\d{2}|\\d{3}) (KB|MB|GB|TB|PB|EB|ZB|YB))?$"}
            },
            "additionalProperties": false,
            "required": [ "DG",
                          "EID:Slot",
                          "DID",
                          "Type",
                          "State",
                          "Size"
            ]
        }
    }
}