{
    "id": "file:///home/JSON-SCHEMA-FILES/drive-dpmstat-show-schema.json",
    "$schema": "http://json-schema.org/draft-01/schema#",
    "description": "Operations- Show DPMstat version 0.1",
    
    "type": "object",
    "properties": {
        "Controllers": { "$ref": "#/definitions/controllersArray" } 
    },
    "additionalProperties": false,
    "required": [ "Controllers" ],
    "definitions": {
        "controllersArray" :{
            "type":"array",
            "items": {"$ref": "#/definitions/controllers-array"},
            "minItems": 1,
            "uniqueItems": true
        },
        "controllers-array": {
            "type": "object",
            "properties": {
                "Command Status": { "$ref": "status-schema.json#/definitions/status" },
                "Response Data": { "$ref": "#/definitions/responseData" }
            },
            "additionalProperties": false,
            "required": [ "Command Status" ]
        },
        "responseData":{
            "type": "object",
            "properties": {
                "DPM": {"$ref": "#/definitions/dpm-details"}
            },
            "additionalProperties": false,
            "required": ["DPM"]
        },
		"dpm-details":{
            "type": "object",
			"properties": {
                "Performance Monitor": {"type": "string", "enum": [ "ON", "OFF" ]},
                "Max commands for averaging": {"type": "number"},
                "Max latency commands saved": {"type": "number"},
				"Details" : {"$ref": "#/definitions/detail-table" }
			},
            "patternProperties": {
				"^((Drive /c(\\d{1}|\\d{2})/e(\\d{1}|\\d{2}|\\d{3})/s(\\d{1}|\\d{2}|\\d{3})))$": {
					"oneOf": [
							{ "$ref": "#/definitions/dpmstat-hist-detail" }, 
							{ "$ref": "#/definitions/dpmstat-lct-detail" }
					]
				}
			},
            "additionalProperties": false,
            "uniqueProperties": true 
        },
		"detail-table": {
            "type": "array",
			"oneOf": [
				{ "$ref": "#/definitions/dpmstat-ext-detail" }, 
				{ "$ref": "#/definitions/dpmstat-ra-detail" }
			],
            "minItems": 1,
            "uniqueItems": false
        },		
		"dpmstat-ext-detail": {
			"type": "array",
            "items": { "$ref": "#/definitions/ext-details" },
            "minItems": 1,
            "uniqueItems": true
		},
		"dpmstat-ra-detail": {
			"type": "array",
            "items": { "$ref": "#/definitions/ra-details" },
            "minItems": 1,
            "uniqueItems": true
		},
		"dpmstat-hist-detail": {
			"type": "array",
            "items": { "$ref": "#/definitions/hist-details" },
            "minItems": 1,
            "uniqueItems": true
		},
		"dpmstat-lct-detail": {
			"type": "array",
            "items": { "$ref": "#/definitions/lct-details" },
            "minItems": 1,
            "uniqueItems": true
		},
        "ext-details": {
            "type": "object",
            "properties": {
                "EID:Slt" : {"type": "string", "pattern": "^(((\\d{1}|\\d{2}|\\d{3}):(\\d{1}|\\d{2}|\\d{3}))|-)$"},
                "DID" : {
                    "oneOf": [
                        {"type": "number", "minimum": 0},
                        {"type": "string", "pattern": "^-$"}
                    ]
                },
                "SR" : { "type": "number", "minimum": 0 },
                "SW" : { "type": "number", "minimum": 0 },
                "SW-FUA" : { "type": "number", "minimum": 0 },
                "RC" : { "type": "number", "minimum": 0 },
                "WC" : { "type": "number", "minimum": 0 },
                "WC-FUA" : { "type": "number", "minimum": 0 },
                "FC" : { "type": "number", "minimum": 0 }
            },
            "additionalProperties": false,
            "required": ["EID:Slt", "DID", "SR", "SW", "SW-FUA", "RC", "WC", "WC-FUA", "FC"]
        },
        "ra-details": {
            "type": "object",
            "properties": {
                "EID:Slt" : {"type": "string", "pattern": "^(((\\d{1}|\\d{2}|\\d{3}):(\\d{1}|\\d{2}|\\d{3}))|-)$"},
                "DID" : {
                    "oneOf": [
                        {"type": "number", "minimum": 0},
                        {"type": "string", "pattern": "^-$"}
                    ]
                },
                "IOPs" : { "type": "number", "minimum": 0 },
                "QueueDepth" : { "type": "number", "minimum": 0 },
                "XferRate(KB/s)" : { "type": "string" },
                "Read RT(us)" : { "type": "string" },
                "Write RT(us)" : { "type": "string" },
                "Total RT(us)" : { "type": "string" }
            },
            "additionalProperties": false,
            "required": ["EID:Slt", "DID", "IOPs", "QueueDepth", "XferRate(KB/s)", "Read RT(us)", "Write RT(us)", "Total RT(us)"]
        },
        "hist-details": {
            "type": "object",
            "properties": {
                "Bin" : { "type": "number", "minimum": 1 },
                "Response Time" : { "$ref": "common-schema.json#/definitions/time-sec" },
                "IO Count" : { "type": "number", "minimum": 0 }
            },
            "additionalProperties": false,
            "required": [ "Bin", "Response Time", "IO Count"]
        },
        "lct-details": {
            "type": "object",
            "properties": {
                "Date": {
						"oneOf": [                
								{ "type": "string", "enum": [ "-" ]},
								{ "$ref": "common-schema.json#/definitions/dd-mm-yyyy" }
						]
					   },	
                "Time" : {
						"oneOf": [                
								{ "type": "string", "enum": [ "-" ]},
								{ "$ref": "common-schema.json#/definitions/time-hour-min-sec" }  
						]
						},
                "Response Time(us)" : { "type": "number", "minimum": 0 },
                "CDB/ATA Task File(hex)" : { "$ref": "common-schema.json#/definitions/hex-dump" } 
            },
            "additionalProperties": false,
            "required": [ "Date", "Time", "Resp Time(ms)", "CDB/ATA Task File(hex)"]
        }
    }
}