{
    "id": "file:///home/JSON-SCHEMA-FILES/drive-operations-nvme-repair-schema.json",
    "$schema": "http://json-schema.org/draft-04/schema#",
    "title": "Operation",
    "description": "Operation NVMe repair- version 0.2",
    
    "type": "object",
    "properties": {
        "Controllers": { "$ref": "#/definitions/controllersArray" } 
    },
    "additionalProperties": false,
    "required": [ "Controllers" ],
    "definitions": {
        "controllersArray" :{
            "type":"array",
            "items": {"$ref": "#/definitions/controllers-array"},
            "minItems": 1,
            "uniqueItems": true
        },
        "controllers-array": {
            "type": "object",
            "properties": {
                "Command Status": { "$ref": "status-schema.json#/definitions/status" },
		"Response Data":  { "$ref": "#/definitions/responseData" }
            },
            "additionalProperties": false,
            "required": [ "Command Status" ]
        },
        "responseData": {
            "type": "object",
            "properties": {
                "NVMe Drive Repair Operation Status": { "$ref": "#/definitions/NVMe-repair-drive-list" }
            },
            "additionalProperties": false,
            "required": [ "NVMe Drive Repair Operation Status" ]
        },
        "NVMe-repair-drive-list": {
            "type": "array",
            "items": { "$ref": "#/definitions/driveList" },
            "minItems": 1,
            "uniqueItems": true
        },
        "driveList": {
		"type": "object",
		"properties": {
			"Drive": { "$ref": "common-schema.json#/definitions/driveSyntax" },
			"Status": { "type": "string", "enum": ["Success", "Failed"] },
			"Description": { "type": "string" }			
			},
			"additionalProperties": false,
			"required": [ "Drive", "Status", "Description" ]
	}

    }
}	
