{
    "id": "file:///home/JSON-SCHEMA-FILES/drive-group-schema.json",
    "schema": "http://json-schema.org/draft-04/schema#",
    "description": "Drive group Information (SHOW) - version 0.2",
    
    "type": "object",
    "properties": {
        "Controllers": { "$ref": "#/definitions/controllersArray" }
    },
    "additionalProperties": false,
    "required": [ "Controllers" ],
    "definitions": {
        "controllersArray": {
            "type": "array",
            "items": { "$ref": "#/definitions/controllers-array" },
            "minItems": 1,
            "uniqueItems": true
        },
        "controllers-array": {
            "type":"object",
            "properties": {
                "Command Status": { "$ref": "status-schema.json#/definitions/status" },
                "Response Data": { "$ref": "#/definitions/responseData" }
            },
            "additionalProperties": false,
            "required": [ "Command Status" ]
        },
        "responseData": {
            "type": "object",
            "properties": {
                "Response Data": { "$ref": "#/definitions/response-data" }
            },
            "additionalProperties": false,
            "required": [ "Response Data" ]
        },
        "response-data": {
            "type": "object",
            "properties": {
                "TOPOLOGY": { "$ref": "#/definitions/topology" }
            },
            "additionalProperties": false,
            "required": [ "TOPOLOGY" ]
        },
        "topology": {
            "type": "array",
            "items": { "$ref": "#/definitions/topology-list" },
            "minItems": 1,
            "uniqueItems": true
        },
        "topology-list": {
            "type": "object",
            "properties": {
              "DG" : {
                    "oneOf": [
                        {"type": "number", "minimum": 0},
                        {"type": "string", "pattern": "^-$"}
                    ]
              },
             "Arr" : {
                    "oneOf": [
                        {"type": "number", "minimum": 0},
                        {"type": "string", "pattern": "^-$"}
                    ]
             },
            "Row" : {
                "oneOf": [
                    {"type": "number", "minimum": 0},
                    {"type": "string", "pattern": "^-$"}
                ]
            },
            "EID:Slot" : {"type": "string", "pattern": "^(((\\d{1}|\\d{2}|\\d{3}):(\\d{1}|\\d{2}|\\d{3}))|-)$"},
            "DID" : {
                "oneOf": [
                    {"type": "number", "minimum": 0},
                    {"type": "string", "pattern": "^-|F$"}
                ]
            },
            "Type": {
                "oneOf": [
                    { "type": "string", "pattern": "^RAID(\\d{1}|\\d{2})$" },
                    {  "type": "string", "enum": [ "DRIVE" , "-"] }
                ]
            },
            "State" : {"type": "string", "enum": ["OfLn", "Pdgd", "Dgrd", "Optl", "Frgn", "Msng", "UGood", "UBad", "Offln", "Onln", "Rbld", "Failed", "Cpybck", "JBOD" ,
                                                    "GHS", "DHS", "UGUnsp", "UGShld", "HSPShld", "CFShld", "CBShld", "-"]},
            "BT" : {"type": "string", "enum": ["Y", "N", "-"]},
            "Size" : {"$ref": "common-schema.json#/definitions/size"},
            "PDC" : {"type": "string", "enum": ["enbl", "dsbl", "dflt", "-"]},
            "PI" : {"type": "string", "enum": ["Y", "N", "-"]},
            "SED" : {"type": "string", "enum": ["Y", "N", "-"]},
            "DS3" : {"type": "string", "enum": ["maxnchc", "dflt", "auto", "none", "max", "-"] },
            "FSpace" : {"type": "string", "enum": ["Y", "N", "-"]},
            "TR" : {"type": "string", "enum": ["Y", "N", "-"]}
            },
            "additionalProperties": false,
            "required": [ "DG",
                          "Arr",
                          "Row",
                          "EID:Slot",
                          "DID",
                          "Type",
                          "State",
                          "BT",
                          "Size",
                          "PDC",
                          "PI",
                          "SED",
                          "DS3",
                          "FSpace",
                          "TR"
            ]
        },
        "number-of-dgs": {
            "type": "number",
            "minimum": 1,
            "maximum": 240
        }
    }
}