{
    "id": "file:///home/JSON-SCHEMA-FILES/enclosure-status-extended-schema.json",
    "schema": "http://json-schema.org/draft-04/schema#",
    "description": "Enclosure and Drives Information (SHOW) - version 0.3",
    
    "type": "object",
    "properties": {
        "Controllers": { "$ref": "#/definitions/controllersArray" }
    },
    "additionalProperties": false,
    "required": [ "Controllers" ],
    "definitions": {
        "controllersArray": {
            "type": "array",
            "items": { "$ref": "#/definitions/controllers-array" },
            "minItems": 1,
            "uniqueItems": true
        },
        "controllers-array": {
            "type":"object",
            "properties": {
            "Command Status": { "$ref": "status-schema.json#/definitions/status" },
            "Response Data": { "$ref": "#/definitions/responseData" }
            },
            "additionalProperties": false,
            "required": [ "Command Status" ]
        },
        "responseData": {
            "type": "object",
            "patternProperties": {
                "^(Enclosure ((/c(\\d{1}|\\d{2})/e(\\d{1}|\\d{2}|\\d{3})|(/c(\\d{1}|\\d{2})/s(\\d{1}|\\d{2}|\\d{3}))))) $" : { "$ref": "#/definitions/enclosure-info" }                
            },
            "additionalProperties": false,
            "uniqueProperties": true
        },
		"enclosure-info" : {
			"type": "object",
			"properties": {
				"Voltage Sensor Info": {"$ref": "#/definitions/voltage-sensor-info" },
				"Power Supply Info": {"$ref": "#/definitions/power-supply-info" },
				"Fan Info" : {"$ref": "#/definitions/fan-info" },
				"Temperature Sensor Info" : {"$ref": "#/definitions/temp-sensor-info" },
				"Chassis Info" : {"$ref": "#/definitions/chassis-info" },
				"Door Lock Info" : {"$ref": "#/definitions/door-lock-info" },
				"Alarm Info" : {"$ref": "#/definitions/alarm-info" },
				"SES Ctrl Elec Info" : {"$ref": "#/definitions/ses-ctrl-info" },
				"SCC Ctrl Elec Info" : {"$ref": "#/definitions/scc-ctrl-info" }
			},
			"additionalProperties": false,
            "uniqueProperties": true
		},
		"voltage-sensor-info": {
            "type": "array",
            "items": { "$ref": "#/definitions/voltageInfo" },
            "minItems": 1,
            "uniqueItems": false
        },
		"power-supply-info": {
            "type": "array",
            "items": { "$ref": "#/definitions/powerSupplyInfo" },
            "minItems": 1,
            "uniqueItems": false
        },
		"fan-info": {
            "type": "array",
            "items": { "$ref": "#/definitions/fanInfo" },
            "minItems": 1,
            "uniqueItems": false
        },		
		"temp-sensor-info": {
            "type": "array",
            "items": { "$ref": "#/definitions/tempSensorInfo" },
            "minItems": 1,
            "uniqueItems": false
        },
		"chassis-info": {
            "type": "array",
            "items": { "$ref": "#/definitions/chassisInfo" },
            "minItems": 1,
            "uniqueItems": false
        },
		"door-lock-info": {
            "type": "array",
            "items": { "$ref": "#/definitions/doorlockInfo" },
            "minItems": 1,
            "uniqueItems": false
        },
		"alarm-info": {
            "type": "array",
            "items": { "$ref": "#/definitions/alarminfo" },
            "minItems": 0,
            "uniqueItems": false
        },
		"ses-ctrl-info": {
            "type": "array",
            "items": { "$ref": "#/definitions/sesCtrlInfo" },
            "minItems": 1,
            "uniqueItems": false
        },
		"scc-ctrl-info": {
            "type": "array",
            "items": { "$ref": "#/definitions/sccCtrlInfo" },
            "minItems": 0,
            "uniqueItems": false
        },
		
		"voltageInfo":{
			"type": "object",
			"properties": {
				"Voltage Sensor" : { "type": "number", "minimum": 0 },
				"State": { "type" : "string", "enum" : [ "Crit Over", "Crit Under", "Warn Over", "Warn Under" ]  },
				"Status": {  "$ref": "common-schema.json#/definitions/enc-state" },
				"Voltage(in mV)": { "type": "number", "minimum": 0 }
			},
			"additionalProperties": false,
            "required": ["Voltage Sensor","Status","Voltage(in mV)"]
		},
		"powerSupplyInfo":{
			"type": "object",
			"properties": {
				"Power Supply": { "type": "number", "minimum": 0},			
				"State": { "type" : "string", "enum" : [ "DC Failed", "AC Failed", "Device is Off", "Over Temperature Failed", "DC Over Current", "DC Under Voltage", "DC Over Voltage"] },
				"Status":  {  "$ref": "common-schema.json#/definitions/enc-state" }
			},
			"additionalProperties": false,
            "required": ["Power Supply","Status" ]
		},
		"fanInfo":{
			"type": "object",
			"properties": {
				"Fan": { "type": "number", "minimum": 0},
				"Fan Speed": { "type":"string","enum":["Low Speed","High Speed","Medium Speed"] },
				"Status": { "$ref": "common-schema.json#/definitions/enc-state" }
			},
			"additionalProperties": false,
            "required": ["Fan","Fan Speed","Status"]
		},
		"tempSensorInfo":{
			"type": "object",
			"properties": {
				"Temperature Sensor": { "type": "number", "minimum": 0},
				"Temperature": {"type": "number"},
				"Status": { "$ref": "common-schema.json#/definitions/enc-state" }
			},
			"additionalProperties": false,
            "required": ["Temperature Sensor","Temperature","Status"]
		},
		"chassisInfo":{
			"type": "object",
			"properties": {
				"Chassis": { "type": "number", "minimum": 0},
				"Status": { "type":"string","enum":["Unsupported","OK","Critical","Non Critical","Unrecoverable","Missing","Unknown","Not Available","No access allowed","INVALID STATUS VALUE"]  }
			},
			"additionalProperties": false,
            "required": ["Chassis","Status"]
		},
		"doorlockInfo":{
			"type": "object",
			"properties": {
				"Door Lock": { "type": "number", "minimum": 0},
				"Status": { "type":"string","enum":["Unsupported","OK","Critical","Non Critical","Unrecoverable","Missing","Unknown","Not Available","No access allowed","INVALID STATUS VALUE"]  }
			},
			"additionalProperties": false,
            "required": ["Door Lock","Status"]
		},
		"alarminfo": {
			"type": "object",
			"properties":{
				"Alarm " : { "type": "number", "minimum": 0 },
				"Status" : { "type": "string" },
				"State" : { "type": "string" }
			},
			 "additionalProperties": false,
			 "required": [ "Alarm ", "Status" ]
		},
		"sesCtrlInfo":{
			"type": "object",
			"properties": {
				"SES Ctrl Elec": { "type": "number", "minimum": 0},
				"Status": { "$ref": "common-schema.json#/definitions/enc-state" }
			},
			"additionalProperties": false,
            "required": ["SES Ctrl Elec","Status"]
		},
		"sccCtrlInfo":{
			"type": "object",
			"properties": {
				"SCC Ctrl Elec": { "type": "number", "minimum": 0},
				"Status": { "$ref": "common-schema.json#/definitions/enc-state" }
			},
			"additionalProperties": false,
            "required": ["SCC Ctrl Elec","Status"]
		}		
	}
}
		
		
