{
    "id": "file:///home/JSON-SCHEMA-FILES/enclosure-status-schema.json",
    "schema": "http://json-schema.org/draft-04/schema#",
    "description": "Enclosure Information detailed (SHOW ALL) - version 0.2",
    
    "type": "object",
    "properties": {
        "Controllers": { "$ref": "#/definitions/controllersArray" }
    },
    "additionalProperties": false,
    "required": [ "Controllers" ],
    "definitions": {
        "controllersArray": {
            "type": "array",
            "items": { "$ref": "#/definitions/controllers-array" },
            "minItems": 1,
            "uniqueItems": true
        },
        "controllers-array": {
            "type":"object",
            "properties": {
            "Command Status": { "$ref": "status-schema.json#/definitions/status" },
            "Response Data": { "$ref": "#/definitions/responseData" }
            },
            "additionalProperties": false,
            "required": [ "Command Status" ]
        },
        "responseData": {
            "type": "object",
            "patternProperties":{         
				"^(Enclosure /c(\\d{1}|\\d{2})/e(\\d{1}|\\d{2}|\\d{3}) )$": { "$ref": "#/definitions/enclosure-detailed-info" } 
            },
            "additionalProperties": false,
            "uniqueProperties": true
        },
        "enclosure-detailed-info": {
            "type": "object",
            "properties":{
				"Slot Info": { "$ref": "#/definitions/slot-info" },
				"Power Supply Info": { "$ref": "#/definitions/power-supply-info" },
				"Fan Info": { "$ref": "#/definitions/fan-info" },
				"Temperature Sensor Info": { "$ref": "#/definitions/temp-sensor-info" },
				"Alarm Info": { "$ref": "#/definitions/alarm-info" },
				"SIM Info": { "$ref": "#/definitions/sim-info" }
            },
            "additionalProperties": false,			
            "uniqueProperties": true

        },
		"slot-info": {
            "type": "array",
            "items": { "$ref": "#/definitions/slotinfo" },
            "minItems": 1,
            "uniqueItems": true
        },
		"power-supply-info": {
            "type": "array",
            "items": { "$ref": "#/definitions/powersupplyinfo" },
            "minItems": 1,
            "uniqueItems": true
        },
		"fan-info": {
            "type": "array",
            "items": { "$ref": "#/definitions/faninfo" },
            "minItems": 1,
            "uniqueItems": true
        },
		"temp-sensor-info": {
            "type": "array",
            "items": { "$ref": "#/definitions/tempsensorinfo" },
            "minItems": 1,
            "uniqueItems": true
        },
		"alarm-info": {
            "type": "array",
            "items": { "$ref": "#/definitions/alarminfo" },
            "minItems": 0,
            "uniqueItems": true
        },
		"sim-info": {
            "type": "array",
            "items": { "$ref": "#/definitions/siminfo" },
            "minItems": 1,
            "uniqueItems": true
        },
		"slotinfo": {
			"type": "object",
			"properties":{
				"Slot": { "type": "number", "minimum": 0 },
				"Status": { "type": "string" }
			},
			 "additionalProperties": false,
			 "required": [ "Slot", "Status" ]
		},
		"powersupplyinfo": {
			"type": "object",
			"properties":{
				"Power Supply" : { "type": "number", "minimum": 0 },
				"State" : { "type": "string" },
				"Status" : { "type": "string" }
			},
			 "additionalProperties": false,
			 "required": [ "Power Supply", "State", "Status" ] 
		},
		"faninfo": {
			"type": "object",
			"properties":{
				"Fan" : { "type": "number", "minimum": 0 },
				"Fan Speed" : { "type": "string" },
				"Status" : { "type": "string" }
			},
			 "additionalProperties": false,
			 "required": [ "Fan", "Fan Speed", "Status" ]
		},
		"tempsensorinfo": {
			"type": "object",
			"properties":{
				"Temperature Sensor" : { "type": "number", "minimum": 0 },
				"Temperature" : { "type": "number", "minimum": 0 },
				"Status" : { "type": "string" }
			},
			 "additionalProperties": false,
			 "required": [ "Temperature Sensor", "Temperature", "Status" ]
		},
		"alarminfo": {
			"type": "object",
			"properties":{
				"Alarm" : { "type": "number", "minimum": 0 },
				"Status" : { "type": "string" },
				"State" : { "type": "string" }
			},
			 "additionalProperties": false,
			 "required": [ "Alarm", "Status" ]
		},
		"siminfo": {
			"type": "object",
			"properties":{
				"SIM Module" : { "type": "number", "minimum": 0 },
				"Status" : { "type": "string" },
				"Report Set" : { "type": "string"}
			},
			 "additionalProperties": false,
			 "required": [ "SIM Module", "Status", "Report Set" ]
		}
	}
}