{
    "id": "file:///home/JSON-SCHEMA-FILES/enclosure-phyerrorcounters-schema.json",
    "$schema": "http://json-schema.org/draft-04/schema#",
    "description": "Show enclosure Phyerrorcounters version 0.1",
    
    "type": "object",
    "properties": {
        "Controllers": { "$ref": "#/definitions/controllersArray" } 
    },
    "additionalProperties": false,
    "required": [ "Controllers" ],
    "definitions": {
        "controllersArray" :{
            "type":"array",
            "items": {"$ref": "#/definitions/controllers-array"},
            "minItems": 1,
            "uniqueItems": true
        },
        "controllers-array": {
            "type": "object",
            "properties": {
                "Command Status": {"$ref": "status-schema.json#/definitions/status"},
				"Response Data": { "$ref": "#/definitions/responseData" }
            }, 
            "additionalProperties": false,
            "required": [ "Command Status" ]
        },
		"responseData": {
            "type": "object",
            "properties": {
                "Detailed Status": {"$ref": "#/definitions/Detailed-Status"}
            },
            "additionalProperties": false,
            "required": [  ]
        },
		"Detailed-Status": {
            "type": "array",
            "items": {"$ref": "#/definitions/enclosure-phyerrorcounters"},
            "minItems": 1,
            "uniqueItems": true
        },
        "enclosure-phyerrorcounters": {
            "type": "object",
            "properties": {
                "EID": { "type": "number", "minimum": 0 },
                "PNO": { "type": "number", "minimum": 0 },
                "InDwdCnt": { "type": "number", "minimum": 0 },
                "RnDiErCnt": { "type": "number", "minimum": 0 },
                "LsDwSyCnt": { "type": "number", "minimum": 0 },
                "PRstPrbCnt": { "type": "number", "minimum": 0 }
            },
            "additionalProperties": false,
            "required":["EID", "PNO", "InDwdCnt", "RnDiErCnt", "LsDwSyCnt", "PRstPrbCnt" ]
        }
    }
}
