{
    "id": "file:///home/JSON-SCHEMA-FILES/enclosure-timestamp-schema.json",
    "schema": "http://json-schema.org/draft-04/schema#",
    "description": "Set Enclosure Timestamp Information - version 0.1",
    
    "type": "object",
    "properties": {
        "Controllers": { "$ref": "#/definitions/controllersArray" }
    },
    "additionalProperties": false,
    "required": [ "Controllers" ],
    "definitions": {
        "controllersArray": {
            "type": "array",
            "items": { "$ref": "#/definitions/controllers-array" },
            "minItems": 1,
            "uniqueItems": true
        },
        "controllers-array": {
            "type":"object",
            "properties": {
            "Command Status": { "$ref": "status-schema.json#/definitions/status" },
            "Response Data": { "$ref": "#/definitions/responseData" }
            },
            "additionalProperties": false,
            "required": [ "Command Status" ]
        },
        "responseData": {
            "type": "object",
            "properties": {
                "Properties": { "$ref": "#/definitions/enclosure-information" }
            },
            "additionalProperties": false,
            "required": [ "Properties" ]
        },
        "enclosure-information": {
            "type": "array",
            "items": { "$ref": "#/definitions/details" },
            "minItems": 1,
            "uniqueItems": true
        },
        "details": {
            "type": "object",
            "properties": {
                "Ctrl": { "type": "number", "minimum": 0 },
                "EID": { "type": "number", "minimum": 0 },
                "Prop": { "type": "string"},                                
                "Value": { "type": "string" }
            },
            "additionalProperties": false,
            "required": [ "Ctrl", "EID", "Prop", "Value"]
        }
    }
}
