{
    "id": "file:///home/JSON-SCHEMA-FILES/enclosure-drive-detailed-schema.json",
    "schema": "http://json-schema.org/draft-04/schema#",
    "description": "Enclosure and Drives Information (SHOW) - version 0.4",
    
    "type": "object",
    "properties": {
        "Controllers": { "$ref": "#/definitions/controllersArray" }
    },
    "additionalProperties": false,
    "required": [ "Controllers" ],
    "definitions": {
        "controllersArray": {
            "type": "array",
            "items": { "$ref": "#/definitions/controllers-array" },
            "minItems": 1,
            "uniqueItems": true
        },
        "controllers-array": {
            "type":"object",
            "properties": {
            "Command Status": { "$ref": "status-schema.json#/definitions/status" },
            "Response Data": { "$ref": "#/definitions/responseData" }
            },
            "additionalProperties": false,
            "required": [ "Command Status" ]
        },
        "responseData": {
            "type": "object",
            "patternProperties": {
                "^(Drive ((/c(\\d{1}|\\d{2})/e(\\d{1}|\\d{2}|\\d{3})/s(\\d{1}|\\d{2}|\\d{3}))|(/c(\\d{1}|\\d{2})/s(\\d{1}|\\d{2}|\\d{3}))))$" : { "$ref": "enclosure-drive-schema.json#/definitions/drive-information" },
                "^(Drive ((/c(\\d{1}|\\d{2})/e(\\d{1}|\\d{2}|\\d{3})/s(\\d{1}|\\d{2}|\\d{3}))|(/c(\\d{1}|\\d{2})/s(\\d{1}|\\d{2}|\\d{3}))) - Detailed Information)$": { "$ref": "#/definitions/drive-detailed-info" },
				"^(Drive ((/c(\\d{1}|\\d{2})/e(\\d{1}|\\d{2}|\\d{3})/s(\\d{1}|\\d{2}|\\d{3}))|(/c(\\d{1}|\\d{2})/s(\\d{1}|\\d{2}|\\d{3}))) Hot Spare Information)$": { "$ref": "#/definitions/drive-hotspare-info" }

            },
            "additionalProperties": false,
            "uniqueProperties": true
        },
        "drive-detailed-info": {
            "type": "object",
            "patternProperties": {
                "^(Drive ((/c(\\d{1}|\\d{2})/e(\\d{1}|\\d{2}|\\d{3})/s(\\d{1}|\\d{2}|\\d{3}))|(/c(\\d{1}|\\d{2})/s(\\d{1}|\\d{2}|\\d{3}))) State)$": { "$ref": "#/definitions/drive-state" },
                "^(Drive ((/c(\\d{1}|\\d{2})/e(\\d{1}|\\d{2}|\\d{3})/s(\\d{1}|\\d{2}|\\d{3}))|(/c(\\d{1}|\\d{2})/s(\\d{1}|\\d{2}|\\d{3}))) Device attributes)$": { "$ref": "#/definitions/drive-attributes" },
                "^(Drive ((/c(\\d{1}|\\d{2})/e(\\d{1}|\\d{2}|\\d{3})/s(\\d{1}|\\d{2}|\\d{3}))|(/c(\\d{1}|\\d{2})/s(\\d{1}|\\d{2}|\\d{3}))) Policies/Settings)$": { "$ref": "#/definitions/drive-policies" },
                "Inquiry Data": { "$ref": "common-schema.json#/definitions/hex-dump" }
            },
            "additionalProperties": false,
            "uniqueProperties": true
        },
        "drive-state": {
            "type": "object",
            "properties": {
                "Shield Counter" : { "oneOf": [
										{ "type": "number", "minimum": 0 },
										{ "$ref": "common-schema.json#/definitions/info-not-available" }
									]
					},
                "Media Error Count" : { "oneOf": [
										{ "type": "number", "minimum": 0 },
										{ "$ref": "common-schema.json#/definitions/info-not-available" }
									]
					},
                "Other Error Count" : { "oneOf": [
										{ "type": "number", "minimum": 0 },
										{ "$ref": "common-schema.json#/definitions/info-not-available" }
									]
					},
                "Drive Temperature" : { "$ref": "common-schema.json#/definitions/temperature" },
                "Predictive Failure Count" : { "oneOf": [
										{ "type": "number", "minimum": 0 },
										{ "$ref": "common-schema.json#/definitions/info-not-available" }
									]
					},
                "S.M.A.R.T alert flagged by drive" : { "oneOf": [
										{ "$ref": "common-schema.json#/definitions/boolean-yes-no" },
										{ "$ref": "common-schema.json#/definitions/info-not-available" }
									]
					},
				"Unrecovered Medium Error Count" : {  "type": "number", "minimum": 0 }
            },
            "additionalProperties": false,
            "required": [ "Shield Counter",
                          "Media Error Count",
                          "Other Error Count",
                          "Predictive Failure Count",
                          "S.M.A.R.T alert flagged by drive"
            ]
        },
        "drive-attributes": {
            "type": "object",
            "properties": {
                "SN" : { "type": "string" },
                "Manufacturer Id" : { "type": "string" },
                "Model Number" : { "type": "string" },
                "Model" : { "type": "string" },
                "NAND Vendor" : { 
                    "oneOf": [
                        { "type": "string", "enum": [ "Toshiba", "Micron", "Sandisk", "Intel", "Samsung" ] }, 
                        { "$ref": "common-schema.json#/definitions/info-not-available" }
                    ]
                },
                "FRU/CRU" : { "type" : "string" },
                "WWN" : { "$ref": "common-schema.json#/definitions/sas-address" },
                "Firmware Revision" : { "$ref": "common-schema.json#/definitions/revision-number" },
                "Firmware Release Number" : { "type": "string" },
                "NCQ setting" : { "type": "string" , "enum": [ "Enabled", "Disabled", "N/A" ]},
                "Raw size" : { "$ref": "common-schema.json#/definitions/sectors" },
                "Coerced size" : { "$ref": "common-schema.json#/definitions/sectors" },
                "Non Coerced size" : { "$ref": "common-schema.json#/definitions/sectors" },
                "Device Speed" : { "$ref": "common-schema.json#/definitions/speed" },
                "Link Speed" : { "$ref": "common-schema.json#/definitions/speed" },
                "Negotiated Physical Link Rate" : { "$ref": "common-schema.json#/definitions/speed" },
                "Write Cache" : { "type": "string" , "enum": [ "Enabled", "Disabled", "N/A" ]},
                "Logical Sector Size" : { "$ref": "common-schema.json#/definitions/size" },
                "Physical Sector Size" : { "$ref": "common-schema.json#/definitions/size" },
                "Connector Name" : { "$ref": "common-schema.json#/definitions/port-name" },
                "Sector Size": { "$ref": "common-schema.json#/definitions/size" },
                "Config ID": { "$ref": "common-schema.json#/definitions/info-not-available" },
                "Number of Blocks": { "type": "number", "minimum": 0 }
            },
            "additionalProperties": false,
            "required": [ "SN",
                          "Manufacturer Id",
                          "NAND Vendor",
                          "WWN",
                          "Firmware Revision",
                          "Raw size",
                          "Coerced size",
                          "Non Coerced size",
                          "Device Speed",
                          "Link Speed"
            ]
        },
        "drive-policies": {
            "type": "object",
            "properties": {
                "Drive position": { "type": "string", "pattern": "((DriveGroup:(\\d{1}|\\d{2}|\\d{3})), (Span:(\\d{1}|\\d{2}|\\d{3})), (Row:(\\d{1}|\\d{2}|\\d{3})))$" },
                "Enclosure position" : {                
                    "oneOf": [
                        { "type": "string" }, 
                        { "$ref": "common-schema.json#/definitions/null-string" },
                        { "type": "number", "minimum": 0 }
                    ]
                },
                "Connected Port Number" : { "$ref": "common-schema.json#/definitions/port-number" },
                "Sequence Number" : { "type": "number", "minimum": 0 },
                "Commissioned Spare" : { "$ref": "common-schema.json#/definitions/boolean-yes-no" },
                "Emergency Spare" : { "$ref": "common-schema.json#/definitions/boolean-yes-no" },
                "Last Predictive Failure Event Sequence Number" : { "oneOf": [
										{ "type": "number", "minimum": 0 },
										{ "$ref": "common-schema.json#/definitions/info-not-available" }
									]
					},
                "Successful diagnostics completion on" : { 
                    "oneOf": [
                        { "$ref": "common-schema.json#/definitions/info-not-available" },
                        { "$ref": "common-schema.json#/definitions/date-time" }
                    ]
                },
                "SED Capable" : { "oneOf": [
										{ "$ref": "common-schema.json#/definitions/boolean-yes-no" },
										{ "$ref": "common-schema.json#/definitions/info-not-available" }
									]
					},
                "SED Enabled" : { "oneOf": [
										{ "$ref": "common-schema.json#/definitions/boolean-yes-no" },
										{ "$ref": "common-schema.json#/definitions/info-not-available" }
									]
					},
                "Secured" : { "oneOf": [
										{ "$ref": "common-schema.json#/definitions/boolean-yes-no" },
										{ "$ref": "common-schema.json#/definitions/info-not-available" }
									]
					},
                "Makers Authority Enabled" : { "$ref": "common-schema.json#/definitions/boolean-yes-no" },
                "Cryptographic Erase Capable" : { "$ref": "common-schema.json#/definitions/boolean-yes-no" },
                "Locked" : { "$ref": "common-schema.json#/definitions/boolean-yes-no" },
                "Needs EKM Attention" : { "oneOf": [
										{ "$ref": "common-schema.json#/definitions/boolean-yes-no" },
										{ "$ref": "common-schema.json#/definitions/info-not-available" }
									]
					},
                "PI Eligible" : { "oneOf": [
										{ "$ref": "common-schema.json#/definitions/boolean-yes-no" },
										{ "$ref": "common-schema.json#/definitions/info-not-available" }
									]
					},
                "Certified" : { "$ref": "common-schema.json#/definitions/boolean-yes-no" },
                "Wide Port Capable" : { "oneOf": [
										{ "$ref": "common-schema.json#/definitions/boolean-yes-no" },
										{ "$ref": "common-schema.json#/definitions/info-not-available" }
									]
					},
                "Multipath" : { "$ref": "common-schema.json#/definitions/boolean-yes-no" },
                "Port Information": { "$ref": "#/definitions/port-information" },
                "Number of bytes of user data in LBA" : { "type" : "string" },
                "Drive is formatted for PI" :{ "$ref": "common-schema.json#/definitions/boolean-yes-no" },
                "PI type" : { 
                    "oneOf": [
                        { "type": "number" },
                        { "type" : "string" , "enum": [ "No PI", "PI Unknown" ] }
                    ]
                },
                "Sanitize Support" : { "type": "string"},
                "FDE Type" : { "type": "string","enum":["TCG Enterprise","TCG Opal","TCG Ruby","None"]},
                "Unmap capable" : { "$ref": "common-schema.json#/definitions/boolean-yes-no" },
                "Unmap capable for LDs" : { "type": "string","enum":["Yes","No","NA"]},
				"Multipath" : { "$ref": "common-schema.json#/definitions/boolean-yes-no" }
            },
            "additionalProperties": false,
            "required": [ "Enclosure position",
                          "Connected Port Number",
                          "Sequence Number",
                          "Commissioned Spare",
                          "Emergency Spare",
                          "Last Predictive Failure Event Sequence Number",
                          "Successful diagnostics completion on",
                          "SED Capable",
                          "SED Enabled",
                          "Needs EKM Attention",
                          "PI Eligible",
                          "Certified",
                          "Wide Port Capable",
                          "Port Information"
            ]
        },
        "port-information": {
            "type": "array",
            "items": { "$ref": "#/definitions/portInformation" },
            "minItems": 1,
            "uniqueItems": true
        },
        "portInformation": {
            "Port" : { "$ref": "common-schema.json#/definitions/port-count" },
            "Status" : { "$ref": "common-schema.json#/definitions/active-inactive" },
            "Linkspeed" : { "$ref": "common-schema.json#/definitions/speed" },
            "SAS address" : { "$ref": "common-schema.json#/definitions/sas-address" },
            "WWID" : { "$ref": "common-schema.json#/definitions/sas-address" }
        },
        "additionalProperties": false,
        "required": [ "Port",
                      "Status",
                      "Linkspeed"
        ],
		"drive-hotspare-info": {
			"type": "object",
			"properties": {
				"Type"              : {"type": "string", "enum": ["Global Hot Spare", "Dedicated Hot Spare"] },
				"Enclosure Affinity": { "$ref": "common-schema.json#/definitions/boolean-yes-no" },
				"Revertible"        : { "$ref": "common-schema.json#/definitions/boolean-yes-no" },
				"Dedicated Array(s)": { "type": "string" }
			},
			"additionalProperties": false,
			"required": ["Type",  "Enclosure Affinity" ]
		}
    }
}
