{
    "id": "file:///home/JSON-SCHEMA-FILES/foreign-configuration-schema.json",
    "$schema": "http://json-schema.org/draft-04/schema#",
    "description": "Foregin configuration display (SHOW)- version 0.4",
    
    "type": "object",
    "properties": {
        "Controllers": { "$ref": "#/definitions/controllersArray" }
        },
        "additionalProperties": false,
        "required": [ "Controllers" ],
        "definitions": {
            "controllersArray": {
                "type": "array",
                "items": { "$ref": "#/definitions/controllers-array" },
                "minItems": 1,
                "uniqueItems": true
            },
            "controllers-array": {
                "type":"object",
                "properties": {
                    "Command Status": { "$ref": "status-schema.json#/definitions/status" },
                    "Response Data": { "$ref": "#/definitions/responseData" }
                },
                "additionalProperties": false,
                "required": [ "Command Status" ]
            },
            "responseData": {
                "type": "object",
                "properties": {
                    "FOREIGN CONFIGURATION": { "$ref": "#/definitions/foreign-configuration" },
                    "Total foreign Drive Groups": { "$ref": "#/definitions/total-foreign-drive-groups" },
                    "Total Foreign PDs": { "type": "number", "minimum": 0 },
                    "Total Locked Foreign PDs": { "$ref": "#/definitions/total-locked-foreign-pds" }
                 },
                "additionalProperties": false,
                "required": [ "Total foreign Drive Groups" ]
             },
            "foreign-configuration": {
                "type": "array",
                "items": { "$ref": "#/definitions/foreignConfiguration"},
                "minItems": 1,
                "uniqueItems": true
            },
            "foreignConfiguration":{
                "type": "object",
                "properties": {
                    "DG": {
                        "oneOf": [
                            {"type": "number", "minimum": 0},
                            {"type": "string", "pattern": "^-$"}
                        ]
                    },
                    "EID:Slot": {"type": "string", "pattern": "^(((\\d{1}|\\d{2}|\\d{3}):(\\d{1}|\\d{2}|\\d{3}))|-)$"},
                    "Type": {
                        "oneOf": [
                            { "type": "string", "pattern": "^RAID(\\d{1}|\\d{2})$" },
                            {  "type": "string", "enum": [ "DRIVE" , "-"] }
                        ]
                    },
                    "State": {"type": "string", "enum": ["Locked", "Frgn", "-"]},
                    "Size": { "$ref": "common-schema.json#/definitions/size" },
                    "NoVDs": {
                        "oneOf": [
                            {"type": "number", "minimum": 0},
                            {"type": "string", "pattern": "^-$"}
                        ]
                    }
                },
                "additionalProperties": false,
                "required": [
                    "DG",
                    "EID:Slot",
                    "Type",
                    "State",
                    "Size",
                    "NoVDs"
                ]
            }, 
            "total-foreign-drive-groups": { "type": "number", "minimum": 0 }, 
            "total-locked-foreign-pds": { "type": "number", "minimum": 0 }
        }
}

