{
    "id": "file:///home/JSON-SCHEMA-FILES/foreign-configuration-detailed-schema.json",
    "$schema": "http://json-schema.org/draft-04/schema#",
    "description": "Foregin configuration display (SHOW)- version 0.3",
    
    "type": "object",
    "properties": {
        "Controllers": { "$ref": "#/definitions/controllersArray" }
        },
        "additionalProperties": false,
        "required": [ "Controllers" ],
        "definitions": {
            "controllersArray": {
                "type": "array",
                "items": { "$ref": "#/definitions/controllers-array" },
                "minItems": 1,
                "uniqueItems": true
            },
            "controllers-array": {
                "type":"object",
                "properties": {
                    "Command Status": { "$ref": "status-schema.json#/definitions/status" },
                    "Response Data": { "$ref": "#/definitions/responseData" }
                },
                "additionalProperties": false,
                "required": [ "Command Status" ]
            },
            "responseData": {
                "type": "object",
                "properties": {
                    "Foreign Topology": { "$ref": "#/definitions/foreign-topology" },
					"FOREIGN PREVIEW": { "$ref": "#/definitions/foreign-topology" },
					"Foreign VD List": { "$ref": "#/definitions/foreign-vd-list" },
					"Foreign PD List": { "$ref": "#/definitions/foreign-pd-list" },
                    "Total foreign Drive Groups": { "$ref": "#/definitions/total-foreign-drive-groups" },
                    "Total Foreign PDs": { "type": "number", "minimum": 0 },
                    "Total Locked Foreign PDs": { "$ref": "#/definitions/total-locked-foreign-pds" }
                 },
                "additionalProperties": false,
                "required": [
                            ]
             },
            "foreign-topology": {
                "type": "array",
                "items": { "$ref": "#/definitions/foreignTopologyList"},
                "minItems": 1,
                "uniqueItems": true
            },
			"foreign-vd-list": {
				"type": "array",
                "items": { "$ref": "#/definitions/foreignVDList"},
                "minItems": 1,
                "uniqueItems": true
			},
			"foreign-pd-list": {
				"type": "array",
				"items": { "$ref": "enclosure-drive-schema.json#/definitions/driveInfromation"},
                "minItems": 1,
                "uniqueItems": true
			},
            "foreignTopologyList":{
                "type": "object",
                "properties": {
                    "DG": {
                        "oneOf": [
                            {"type": "number", "minimum": 0},
                            {"type": "string", "pattern": "^-$"}
                        ]
                    },
					"Arr" : {
						"oneOf": [
							{"type": "number", "minimum": 0},
							{"type": "string", "pattern": "^-$"}
						]
					},
					"Row" : {
						"oneOf": [
							{"type": "number", "minimum": 0},
							{"type": "string", "pattern": "^-$"}
						]
					},
                    "EID:Slot": {"type": "string", "pattern": "^(((\\d{1}|\\d{2}|\\d{3}):(\\d{1}|\\d{2}|\\d{3}))|-)$"},
                    "DID" : {
						"oneOf": [
							{"type": "number", "minimum": 0},
							{"type": "string", "pattern": "^-|F$"}
						]
					},
					"Type": {
						"oneOf": [
							{ "type": "string", "pattern": "^RAID(\\d{1}|\\d{2})$" },
							{  "type": "string", "enum": [ "DRIVE" , "-"] }
						]
					},
					"State": {"type": "string", "enum": ["Locked", "OfLn", "Pdgd", "Dgrd", "Optl", "Frgn", "UGood", "UBad", "Offln", "Onln", "Rbld", "Failed", "Cpybck", "JBOD" , "GHS", "DHS", "UGUnsp", "UGShld", "HSPShld", "CFShld", "CBShld", "Msng", "Misng", "-"]},
					"BT" : {"type": "string", "enum": ["Y", "N","-"]},
                    "Size": { "$ref": "common-schema.json#/definitions/size" },
                    "PDC" : {"type": "string", "enum": ["enbl", "dsbl", "dflt","-"]},
					"PI" : {"type": "string", "enum": ["Y", "N", "-"]},
					"SED" : {"type": "string", "enum": ["Y", "N", "-"]},
					"DS3" : {"type": "string", "enum": ["maxnchc", "dflt", "auto", "none", "max", "-"] },
					"FSpace" : {"type": "string", "enum": ["Y", "N", "-"]},
					"TR" : {"type": "string", "enum": ["Y", "N", "-"]}
                },
                "additionalProperties": false,
                "required": [
					"DG",
					"Arr",
					"Row",
					"EID:Slot",
					"DID",
					"Type",
					"State",
					"BT",
					"Size",
					"PDC",
					"PI",
					"SED",
					"DS3",
					"FSpace",
					"TR"
                ]
            }, 
			"foreignVDList": {
				"type": "object",
				"properties": {
					"DG": {
						"oneOf": [
							{"type": "number", "minimum": 0},
							{"type": "string", "pattern": "^-$"}
						]
					},
					"VD": { "type": "number", "minimum": 0, "maximum": 255 },
					"Size": { "$ref": "common-schema.json#/definitions/size" },
					"Type": {
						"oneOf": [
							{ "type": "string", "pattern": "^RAID(\\d{1}|\\d{2})$" },
							{  "type": "string", "enum": [ "DRIVE" , "-"] }
						]
					},
					"State" : {"type": "string", "enum": ["OfLn", "Pdgd", "Dgrd", "Optl"]},
					"Access" : {"type": "string", "enum": ["B", "RO", "HD", "RW"]},
					"Consist" : {"type": "string", "enum": ["Yes", "No"]},
					"Cache" : {"type": "string", "pattern": "^((R|NR)(FWB|AWB|WB|WT)(C|D))$"},
					"Name":  { "type": "string" }
				},
				"additionalProperties": false,
				 "required": [
				 ]
			},
            "total-foreign-drive-groups": { "type": "number", "minimum": 0 }, 
            "total-locked-foreign-pds": { "type": "number", "minimum": 0 }
        }
}

