{
    "id": "file:///home/JSON-SCHEMA-FILES/virtual-drive-detailed-schema.json",
    "$schema": "http://json-schema.org/draft-04/schema#",
    "description": "Virtual Drive detailed Information (SHOW all) - version 0.3",
    
    "type": "object",
    "properties": {
        "Controllers": { "$ref": "#/definitions/controllersArray" }
    },
    "additionalProperties": false,
    "required": [ "Controllers" ],
    "definitions": {
        "controllersArray": {
            "type": "array",
            "items": { "$ref": "#/definitions/controllers-array" },
            "minItems": 1,
            "uniqueItems": true
        },
        "controllers-array": {
            "type":"object",
            "properties": {
            "Command Status": { "$ref": "status-schema.json#/definitions/status" },
            "Response Data": { "$ref": "#/definitions/responseData" }
            },
            "additionalProperties": false,
            "required": [ "Command Status" ]
        },
        "responseData": {
            "type": "object",
            "patternProperties": {
                "^((/c(\\d{1}|\\d{2})/v(\\d{1}|\\d{2}|\\d{3})))$": { "$ref": "ir-virtual-drive-config-schema.json#/definitions/virtual-drives" },
                "^(PDs for VD ((\\d{1}|\\d{2}|\\d{3})))$": { "$ref": "enclosure-drive-schema.json#/definitions/drive-information" },
                "^((VD(\\d{1}|\\d{2}|\\d{3})) Properties)$": { "$ref": "#/definitions/vd-detailed-properties" }
            },
            "additionalProperties": false,
            "uniqueProperties": true
        },
        "vd-detailed-properties": {
            "type": "object",
            "properties": {
                "Strip Size" : { "$ref": "common-schema.json#/definitions/size" },
                "Encryption" : { "$ref": "common-schema.json#/definitions/encryption" },
				"Data Protection"      : { "$ref": "common-schema.json#/definitions/dataProtection" },
                "Default Read Policy"  : { "type": "string"},
                "Default Write Policy" : { "$ref": "common-schema.json#/definitions/writePolicy" },
                "Default Cache Policy" : { "type": "string", "enum": [ "Cached IO", Direct IO ] },
                "Current Read Policy"  : { "type": "string"},
                "Current Write Policy" : { "$ref": "common-schema.json#/definitions/writePolicy" },
                "Current Cache Policy" : { "type": "string", "enum": [ "Cached IO", Direct IO ] },
                "Disk Cache Policy"    : { "$ref": "common-schema.json#/definitions/diskCachePolicy" },
                "Access Policy"        : { "type": "string"},
                "Background Initialization" : { "$ref": "common-schema.json#/definitions/enable-disable" },
                "Number of Blocks" : { "type": "number", "minimum": 0 },
				"Span Depth" : {
								"oneOf": [                
											{ "type": "string"},
											{ "type": "number", "minimum": 1 }                
								]
							   },				
				"Number of Drives Per Span" : {
								"oneOf": [                
											{ "type": "string"},
											{ "type": "number", "minimum": 1 }                
								]
							   }
            },
            "additionalProperties": false,
            "required": [ "Span Depth" ]
        }
	}
}