{
    "id": "file:///home/JSON-SCHEMA-FILES/it-controller-schema.json#",
    "$schema": "http://json-schema.org/draft-04/schema#",
    "title": "Controller Show",
    "description": "Controller properties show - version 0.4",

    "definitions": {
        "it-controller-properties": {
            "type": "object",
            "properties": {
                "Product Name" : { "$ref": "common-schema.json#/definitions/product-name" },
                "Serial Number" : { "$ref": "common-schema.json#/definitions/serial-number" },
                "SAS Address" : { "$ref": "common-schema.json#/definitions/sas-address" },
                "PCI Address" : { "$ref": "common-schema.json#/definitions/pci-address" },
                "System Time" : { "$ref": "common-schema.json#/definitions/mm-dd-yyyy-hh-mm-ss" },
                "FW Package Build" : { "$ref": "common-schema.json#/definitions/fw-package-build" },
                "FW Version" : { "$ref": "common-schema.json#/definitions/fw-version" },
                "NVDATA Version": {"type": "string", "pattern": "^(\\d{2}.\\d{2}.\\d{2}.\\d{2})?$" },
                "BIOS Version" : { "$ref": "common-schema.json#/definitions/bios-version" },
				"PSOC Version" : { "type" : "string" },               
                "Driver Name" : { "$ref": "common-schema.json#/definitions/driver-name" },
                "Driver Version" : { "$ref": "common-schema.json#/definitions/driver-version" },
                "Bus Number" : { "$ref": "common-schema.json#/definitions/bus-number" },
                "Device Number" : { "$ref": "common-schema.json#/definitions/device-number" },
                "Function Number" : { "$ref": "common-schema.json#/definitions/function-number" },
                "Domain ID" : { "$ref": "common-schema.json#/definitions/domain-id" },
                "Vendor Id" : { "$ref": "common-schema.json#/definitions/vendor-id" },
                "Device Id" : { "$ref": "common-schema.json#/definitions/device-id" },
                "SubVendor Id" : { "$ref": "common-schema.json#/definitions/subvendor-id" },
                "SubDevice Id" : { "$ref": "common-schema.json#/definitions/subdevice-id" },
                "Board Name": { "type": "string" },
                "Board Assembly": { "type": "string", "pattern": "^(([0-9A-Z])*|(N/A))$" },
                "Board Tracer Number": { "type": "string", "pattern": "^(([0-9A-Z])*|(N/A))$" },
                "Security Protocol" : {"type": "string"},
			    "Package Stamp Mismatch" : { "$ref": "common-schema.json#/definitions/boolean-yes-no" },
                "Physical Drives": { "$ref": "enclosure-drive-schema.json#/definitions/number-of-pds" },
                "PD LIST": { "$ref": "enclosure-drive-schema.json#/definitions/drive-information" },
                "Requested Boot Drive" : { 
                    "oneOf": [
                        { "type": "string", "enum" : ["Not Set"] },
                        { "$ref": "common-schema.json#/definitions/driveSyntax" }
                    ]
                }
            },
            "additionalProperties": false,
            "required": [ "Product Name",
                          "Serial Number",
                          "SAS Address",
                          "PCI Address",
                          "System Time",
                          "FW Package Build",
                          "FW Version",
                          "NVDATA Version",                          
                          "Driver Name",
                          "Driver Version",
                          "Bus Number",
                          "Device Number",
                          "Function Number",
                          "Domain ID",
                          "Vendor Id",
                          "Device Id",
                          "SubVendor Id",
                          "SubDevice Id",
                          "Board Name",
                          "Board Assembly",
                          "Board Tracer Number"
            ]
        }
    }
}
