{
    "id": "file:///home/JSON-SCHEMA-FILES/it-controller-phyerrorcounters-schema.json",
    "$schema": "http://json-schema.org/draft-04/schema#",
    "description": "IT Controller Phy error counters - version 0.2",

    "definitions": {
        "it-controller-phy-properties": {
            "oneOf": [
                { "$ref": "#/definitions/property1" },
                { "$ref": "#/definitions/property2" }
            ]
        },
        "property1" : {
            "type": "object",
            "properties": {
                "Test Link State": { "$ref": "#/definitions/test-link-state" }
            }, 
            "additionalProperties" : false
        }, 
        "property2" : {
            "type": "object",
            "properties": {
                "Phy Info" : { "$ref": "#/definitions/phy-error-info" }
            }, 
            "additionalProperties" : false
        },
        "test-link-state": {
            "type": "array", 
            "items": { "$ref": "#/definitions/testLinkState" }, 
            "minItems": 1,
            "uniqueItems": true
        },
        "phy-error-info" : {
            "type": "array",
            "items": { "$ref": "#/definitions/phy-info" },
            "minItems": 1, 
            "uniqueItems": true
        },
        "testLinkState": {
            "type": "object", 
            "properties": {
                "PhyNo": { "type": "number", "minimum": 0 },
		        "SAS Link Speed" :{ "$ref": "common-schema.json#/definitions/speed" },
                "Link_Speed": { "$ref": "common-schema.json#/definitions/speed" },
                "Link_Test": { "type": "string", "enum": [ "Passed", "Failed" ] }
            }, 
            "additionalProperties": false, 
            "required": [ "PhyNo" ]
        },
        "phy-info": {
            "type": "object",
            "properties": {
                "PhyNo" : { "type": "number", "minimum": 0 },
                "InvldDwrdCount" : { "type": "number", "minimum": 0 },
                "RungDispartyErrCnt" : { "type": "number", "minimum": 0 },
                "LosOfDwrdSynCnt" : { "type": "number", "minimum": 0 },
                "PhyResetPrbCnt" : { "type": "number", "minimum": 0 }
            }, 
            "additionalProperties" : false,
            "required": [ "PhyNo",
                          "InvldDwrdCount",
                          "RungDispartyErrCnt",
                          "LosOfDwrdSynCnt",
                          "PhyResetPrbCnt"
            ]
        }
    }
}