{
    "id": "file:///home/JSON-SCHEMA-FILES/controler-show-all.json",
    "$schema": "http://json-schema.org/draft-04/schema#",
    "title": "Controller Show All",
    "description": "Detailed controller properties (SHOW) - version 0.5",
    
    "definitions": {
        "it-controller-properties": {
            "type": "object",
            "properties": {
                "Basics": { "$ref": "#/definitions/basics" },
                "Version": { "$ref": "#/definitions/version" },
                "PCI Version": { "$ref": "#/definitions/pci-version" },
                "Pending Images in Flash": { "$ref": "#/definitions/imageName" },
                "Status": { "$ref": "#/definitions/status" },
                "Supported Adapter Operations": { "$ref": "#/definitions/supported-adapter-operations" },
                "Supported PD Operations": { "$ref": "#/definitions/supported-pd-operations" },
                "HwCfg": { "$ref": "#/definitions/hwcfg" },
                "Boot": { "$ref": "#/definitions/boot" },
                "Capabilities": { "#ref": "#/definitions/capabilities" },
                "Secure Boot": { "$ref": "#/definitions/secure-boot" },
                "Security Protocol properties": { "#ref": "#/definitions/secprotprop" },
                "Enclosure Information": { "$ref": "enclosure-schema.json#/definitions/enclosure-information"},
                "Physical Device Information" : { "$ref": "enclosure-drive-detailed-schema.json#/definitions/responseData" }
            },
            "additionalProperties": false,
            "required": [   "Basics",
                            "Version",
                            "PCI Version",
                            "Pending Images in Flash",
                            "Status",
                            "Supported Adapter Operations",
                            "HwCfg",
                            "Boot",
                            "Capabilities",
                            "Security Protocol properties"
                    ]
        },
        "basics": {
            "type": "object",
            "properties": {
                "Controller" : { "type": "number", "minimum": 0, "maximum": 15 },
                "Adapter Type": { "type": "string" },
                "Model" : { "type": "string" },
                "Serial Number" : { "$ref": "common-schema.json#/definitions/serial-number" },
                "Current System Date/time" : { "$ref": "common-schema.json#/definitions/mm-dd-yyyy-hh-mm-ss" },
                "Concurrent commands supported": {"type": "number"},
                "SAS Address" : { "$ref": "common-schema.json#/definitions/sas-address" },
                "PCI Address" : { "$ref": "common-schema.json#/definitions/pci-address" }, 
                "Mfg Date" : { "$ref": "common-schema.json#/definitions/mm-dd-yyyy" },
                "Rework Date" : { "$ref": "common-schema.json#/definitions/mm-dd-yyyy" },
                "Revision No" : { "$ref": "common-schema.json#/definitions/revision-number" }
            },
            "additionalProperties": false,
            "required": [   "Controller",
                            "Adapter Type",
                            "Model",
                            "Serial Number",
                            "Current System Date/time",
                            "Concurrent commands supported",
                            "SAS Address",
                            "PCI Address"
                        ]
        },
        "version": {
            "type": "object",
            "properties": {
                "Firmware Package Build" : { "$ref": "common-schema.json#/definitions/fw-package-build" },
                "Firmware Version" : { "$ref": "common-schema.json#/definitions/fw-version" },
                "Bios Version" : { "$ref": "common-schema.json#/definitions/bios-version" },
                "Boot Block Version" : {"type": "string", "pattern": "^(([0-9]|\\d{2}).\\d{2}.\\d{2}.(\\d{2}-\\d{4}))?$"},
                "NVDATA Version" : { "$ref": "common-schema.json#/definitions/nvdata-version" },
                "Bootloader Version" : {"type": "string"},
				"PSOC Version" : {"type": "string"},
				"PSOC FW Version" : {"type": "string"},
				"PSOC Part Number" : {"type": "string"},
                "Driver Name" : { "$ref": "common-schema.json#/definitions/driver-name" },				
                "Driver Version" : { "$ref": "common-schema.json#/definitions/driver-version" }
            },
            "additionalProperties": false,
            "required": [   "Firmware Package Build",
                            "Firmware Version",
                            "Driver Name",
                            "Driver Version",
                            "NVDATA Version"
                        ]
        },
        "pci-version": {
            "type": "object",
            "properties": {
                "Vendor Id" : { "$ref": "common-schema.json#/definitions/vendor-id"},
                "Device Id" : { "$ref": "common-schema.json#/definitions/device-id" },
                "SubVendor Id" : { "$ref": "common-schema.json#/definitions/subvendor-id" },
                "SubDevice Id" : { "$ref": "common-schema.json#/definitions/subdevice-id"},
                "Host Interface" : { "$ref": "common-schema.json#/definitions/host-interface" },
                "Device Interface" : { "$ref": "common-schema.json#/definitions/device-interface" },
                "Bus Number" : { "type": "number", "minimum": 0 },
                "Device Number" : { "$ref": "common-schema.json#/definitions/device-number" },
                "Function Number" : { "$ref": "common-schema.json#/definitions/function-number" },
                "Domain ID" : { "$ref": "common-schema.json#/definitions/domain-id" }
            },
            "additionalProperties": false,
            "required": [   "Vendor Id",
                            "Device Id",
                            "SubVendor Id",
                            "SubDevice Id",
                            "Host Interface",
                            "Device Interface",
                            "Bus Number",
                            "Device Number",
                            "Function Number",
                            "Domain ID"
                        ]
        },
        "imageName": {
            "type":"object",
            "properties": {
                "Image name": {
                    "oneOf": [
                        {"type":"string" , "enum": [ "Yet to check" ]},
                        {"type":"string", "pattern":"No pending images" }
                    ]
                }
            },
            "additionalProperties": false,
            "required": [ "Image name" ]
        },
        "status": {
            "type": "object",
            "properties": {
                "Controller Status" : { "$ref": "common-schema.json#/definitions/controller-status" },
                "Memory Correctable Errors" : { "$ref": "common-schema.json#/definitions/memory-correctable-errors" },
                "Memory Uncorrectable Errors" : { "$ref": "common-schema.json#/definitions/memory-uncorrectable-errors" },
                "Bios was not detected during boot" : { "$ref": "common-schema.json#/definitions/bios-boot-status" },
                "Controller has booted into safe mode" : { "$ref": "common-schema.json#/definitions/boolean-yes-no" },
			    "Controller has booted into certificate provision mode" : { "$ref": "common-schema.json#/definitions/boolean-yes-no" },
			    "Package Stamp Mismatch" : { "$ref": "common-schema.json#/definitions/boolean-yes-no" }
            },
            "additionalProperties": false,
            "required": [   "Controller has booted into safe mode"
                        ]
        },
        "supported-adapter-operations" : {
            "type": "object",
            "properties": {
                "Support more than 8 Phys" : { "$ref": "common-schema.json#/definitions/boolean-yes-no" },
                "Support Enclosure Enumeration" : { "$ref": "common-schema.json#/definitions/boolean-yes-no" },
                "Support Allowed Operations" : { "$ref": "common-schema.json#/definitions/boolean-yes-no" },
                "Support Multipath" : { "$ref": "common-schema.json#/definitions/boolean-yes-no" },
                "Support Security" : { "$ref": "common-schema.json#/definitions/boolean-yes-no" },
                "support EKM" : { "$ref": "common-schema.json#/definitions/boolean-yes-no" },
                "Support Platform Security" : { "$ref": "common-schema.json#/definitions/boolean-yes-no" },
                "Support Platform Security" : { "$ref": "common-schema.json#/definitions/boolean-yes-no" },
				"Support Package Stamp Mismatch Reporting" : { "$ref": "common-schema.json#/definitions/boolean-yes-no" },
				"Support PSOC Update" : { "$ref": "common-schema.json#/definitions/boolean-yes-no" },
				"Support PSOC Part Information" : { "$ref": "common-schema.json#/definitions/boolean-yes-no" },
				"Support PSOC Version Information" : { "$ref": "common-schema.json#/definitions/boolean-yes-no" }
            },
            "additionalProperties": false,
            "required": [   "Support Allowed Operations", 
                            "support EKM", 
                            "Support Security", 
                            "Support more than 8 Phys"
                        ]
        },
        
       	"supported-pd-operations" : {
            "type": "object",
            "properties": {
                "Support Physical Link Speed" : { "$ref": "common-schema.json#/definitions/boolean-yes-no" }
            },
            "additionalProperties": false,
            "required": [   "Support Link Speed Physical"
                        ]
        },

        "hwcfg": {
            "type": "object",
            "properties": {
                            "ChipRevision" : { "$ref": "common-schema.json#/definitions/chip-revision" },
                            "BatteryFRU" : { "$ref": "common-schema.json#/definitions/battery-fru" },
                            "Front End Port Count" : { "$ref": "common-schema.json#/definitions/port-count" },
                            "Backend Port Count" : { "$ref": "common-schema.json#/definitions/port-count" },
                            "Serial Debugger" : { "$ref": "common-schema.json#/definitions/present-absent" },
                            "NVRAM Size" : { "$ref": "common-schema.json#/definitions/size" },
                            "Flash Size" : { "$ref": "common-schema.json#/definitions/size" },
                            "Temperature Sensor for ROC" : { "$ref": "common-schema.json#/definitions/present-absent" },
                            "Temperature Sensor for Controller" : { "$ref": "common-schema.json#/definitions/present-absent" },
                            "ROC temperature(Degree Celsius)" : { "$ref": "common-schema.json#/definitions/temperature" }
                        }, 
                        "additionalProperties": false,
                        "required": [
                                        "ChipRevision",
                                        "BatteryFRU",
                                        "Front End Port Count",
                                        "Backend Port Count",
                                        "Serial Debugger",
                                        "NVRAM Size",
                                        "Flash Size",
                                        "Temperature Sensor for ROC",
                                        "Temperature Sensor for Controller",
                                        "ROC temperature(Degree Celsius)"
                                    ]
        },
        "boot" : {
            "type": "object",
            "properties": {
                "Max Drives to Spinup at One Time": { "$ref": "common-schema.json#/definitions/max-drives-to-spinup-at-one-time" },
                "Maximum number of direct attached drives to spin up in 1 min": {"$ref": "common-schema.json#/definitions/maximum-number-of-direct-attached-drives-to-spin-up-in-1-min" },
                "Delay Among Spinup Groups (sec)": { "$ref": "common-schema.json#/definitions/delay-among-spinup-groups" }
            },
            "additionalProperties": false,
            "required": [
                "Max Drives to Spinup at One Time",
                "Maximum number of direct attached drives to spin up in 1 min",
                "Delay Among Spinup Groups (sec)"
            ]
        },
        "capabilities": {
            "type": "object",
            "properties": {
                "Supported Drives" : { "$ref": "common-schema.json#/definitions/supported-drives" },
                "Enable JBOD" : { "$ref": "common-schema.json#/definitions/boolean-yes-no" },
                "Max Parallel Commands" : {"type": "number", "minimum": 0},
                "Max SGE Count" : {"type": "number", "minimum": 0},
                "Max Data Transfer Size" : {"type": "string"}
            },
            "additionalProperties": false,
            "required": [
                            "Supported Drives",
                            "Enable JBOD",
                            "Max Parallel Commands",
                            "Max SGE Count",
                            "Max Data Transfer Size"
                        ]
        },
        "secure-boot":{
            "type": "object",
            "properties": {
            "Secure Boot Enabled" : { "$ref": "common-schema.json#/definitions/boolean-yes-no" },
            "Controller in Soft Secure Mode" : { "$ref": "common-schema.json#/definitions/boolean-yes-no" },
            "Controller in Hard Secure Mode" : { "$ref": "common-schema.json#/definitions/boolean-yes-no" },
            "Key Update Pending" : { "$ref": "common-schema.json#/definitions/boolean-yes-no" },
            "Remaining Secure Boot Key Slots" : { "type": "number", "minimum": 0 }
            },
            "additionalProperties": false,
            "required": [
                "Secure Boot Enabled",
                "Controller in Soft Secure Mode",
                "Controller in Hard Secure Mode",
                "Key Update Pending",
                "Remaining Secure Boot Key Slots"                
            ]
        },
        "secprotprop": {
            "type": "object",
            "properties": {
                "Security Protocol" : {"type": "string"}
            },
            "additionalProperties": false,
            "required": [
                            "Security Protocol"
                        ]
        }
    }
}