{
    "id": "file:///home/JSON-SCHEMA-FILES/show-file-schema.json#",
    "$schema": "http://json-schema.org/draft-04/schema#",
    "title": "Show file",
    "description": "Show file - version 0.1",
    
    "type": "object",
    "properties": {
        "Controllers": { "$ref": "#/definitions/controllersArray" }
        },
        "additionalProperties": false,
        "required": [ "Controllers" ],
        "definitions": {
            "controllersArray" :{
                "type":"array",
                "items": { "$ref": "#/definitions/controllers-array" },
                "minItems": 1,
                "maxItems": 2,
                "uniqueItems": true
            },
            "controllers-array": {
                "type":"object",
                "properties": {
	            "Command Status": { "$ref": "status-schema.json#/definitions/show-cmd-status" },
                    "Response Data": { "$ref": "#/definitions/responseData" }
                },
                "additionalProperties": false,
                "required": [ "Command Status"]
            },            
            "responseData": {
                    "type": "object",
                    "properties": {                        
                        "Image Overview": { "$ref": "#/definitions/image-overview" },
                        "OpROM Overview": { "$ref": "#/definitions/oprom-overview" }                        
                    },
		    "minItems":1		    		
                },
                "image-overview": { 
                    "type": "array",
                    "items": { "$ref": "#/definitions/imageOverview" },                                       
                    "uniqueItems": true
                },
                "imageOverview": {
                    "type": "object",
                    "properties": {                        
                        "Component": { "type": "string" },
                        "Version": { "type": "string" }                        
                    },
                    "additionalProperties": false,
                    "required": [ "Component",
                                  "Version"
                                ]
                },
                "oprom-overview": {
                    "type": "array",
                    "items": { "$ref": "#/definitions/opromOverview" },
                    "minItems": 3,		    
                    "uniqueItems": true
                },
                "opromOverview": {
                    "type": "object",
                    "properties": {
                        "OpROM" : { "type": "string"  },
                        "Present" : { "type": "string" },
                        "Version" : { "type": "string" }                        
                    },
                    "additionalProperties": false,
                    "required": [ "OpROM",
                                  "Present",
                                  "Version"                                  
                                ]
                }
                
    }
}
