{
    "id": "file:///home/JSON-SCHEMA-FILES/vd-bbmt-schema.json",
    "$schema": "http://json-schema.org/draft-04/schema#",
    "description": "VD show BBMT version 0.1",
    
    "type": "object",
    "properties": {
        "Controllers": { "$ref": "#/definitions/controllersArray" } 
    },
    "additionalProperties": false,
    "required": [ "Controllers" ],
    "definitions": {
        "controllersArray" :{
            "type":"array",
            "items": {"$ref": "#/definitions/controllers-array"},
            "minItems": 1,
            "uniqueItems": true
        },
        "controllers-array": {
            "type": "object",
            "properties": {
                "Command Status": {"$ref": "status-schema.json#/definitions/status"},
                "Response Data": { "$ref": "#/definitions/responseData" }
            }, 
            "additionalProperties": false,
            "required": [ "Command Status" ]
        },
        "responseData": {
            "type": "array",
            "items": {"$ref": "#/definitions/operation"},
            "minItems": 1,
            "uniqueItems": true
        },		
        "operation": {
            "type": "object",
            "properties": {
                "VD":   {"type": "number", "minimum": 0},
                "Name":  { "type": "string" },
				"Corrected entries": {"type": "number", "minimum": 0},
				"Un-Corrected entries" : {"type": "number", "minimum": 0}
               },
               "additionalProperties": false,
               "required": ["VD", "Name", "Corrected entries", "Un-Corrected entries" ]
        }
    }
}

