{
    "id": "file:///home/JSON-SCHEMA-FILES/vd-expand-schema.json",
    "$schema": "http://json-schema.org/draft-04/schema#",
    "description": "VD expansion schema version 0.1",
    
    "type": "object",
    "properties": {
        "Controllers": { "$ref": "#/definitions/controllersArray" } 
    },
    "additionalProperties": false,
    "required": [ "Controllers" ],
    "definitions": {
        "controllersArray" :{
            "type":"array",
            "items": {"$ref": "#/definitions/controllers-array"},
            "minItems": 1,
            "uniqueItems": true
        },
        "controllers-array": {
            "type": "object",
            "properties": {
                "Command Status": {"$ref": "status-schema.json#/definitions/status"},
                "Response Data": {
					"oneof" : [
						{ "$ref": "#/definitions/responseData1" },
						{ "$ref": "#/definitions/responseData2" }
					]
				}
            }, 
            "additionalProperties": false,
            "required": [ "Command Status" ]
        },
        "responseData1":{
			"type": "object",
			"properties": {
				"EXPANSION INFORMATION": {"$ref": "#/definitions/operation-status1" }
			},
			"additionalProperties": false,
			"required": ["EXPANSION INFORMATION"]
        },
        "responseData2":{
			"type": "object",
			"properties": {
				"EXPANSION RESULT": {"$ref": "#/definitions/operation-status2" }
			},
			"additionalProperties": false,
			"required": ["EXPANSION RESULT"]
        },
        "operation-status1": {
            "type": "array",
            "items": {"$ref": "#/definitions/operation"},
            "minItems": 1,
            "uniqueItems": true
        },		
        "operation-status2": {
            "type": "array",
            "items": {"$ref": "status-schema.json#/definitions/virtual-drive-expand-status" },
            "minItems": 1,
            "uniqueItems": true
        },
		"operation": {
            "type": "object",
            "properties": {
				"VD": {"type": "number", "minimum": 0},
				"Size": { 
					"oneOf": [
						{ "$ref": "common-schema.json#/definitions/size" },
						{ "type": "string", "enum": [ "-"  ] }
					]
				},
				"OCE": { "type": "string", "enum": [ "Y","N", "-"] },
				"NoArrExp": { 
					"oneOf": [
						{ "$ref": "common-schema.json#/definitions/size" },
						{ "type": "string", "enum": [ "-"  ] }
					]
				},
				"WithArrExp": { 
					"oneOf": [
						{ "$ref": "common-schema.json#/definitions/size" },
						{ "type": "string", "enum": [ "-"  ] }
					]
				},
				"Status": { "type": "string" }
			},
            "additionalProperties": false,
            "required": ["VD", "Size", "OCE", "NoArrExp", "WithArrExp", "Status" ]
        }
    }
}

