{
    "id": "file:///home/JSON-SCHEMA-FILES/vd-operation-schema.json",
    "$schema": "http://json-schema.org/draft-04/schema#",
    "title": "Operation",
    "description": "Operations- version 0.1",
    
    "type": "object",
    "properties": {
        "Controllers": { "$ref": "#/definitions/controllersArray" } 
    },
    "additionalProperties": false,
    "required": [ "Controllers" ],
    "definitions": {
        "controllersArray" :{
        "type":"array",
        "items": {"$ref": "#/definitions/controllers-array"},
        "minItems": 1,
        "uniqueItems": true
        },
        "controllers-array": {
            "type": "object",
            "properties": {
                "Command Status": { "$ref": "status-schema.json#/definitions/status" },
                "Response Data": { "$ref": "#/definitions/responseData" }
            },
            "additionalProperties": false,
            "required": [ "Command Status" ]
        },
        "responseData":{
			"type": "object",
			"properties": {
				"VD Operation Status": {"$ref": "#/definitions/operation-status"}
			},
			"additionalProperties": false,
			"required": ["VD Operation Status"]
        },
        "operation-status": {
            "type": "array",
            "items": {"$ref": "#/definitions/operation"},
            "minItems": 1,
            "uniqueItems": true
        },		
        "operation": {
            "type": "object",
            "properties": {
                "VD": {"type": "number", "minimum": 0},
                "Operation": {"type": "string", "enum": [ "CC" ]},
				"Progress%": {
					"oneOf": [
						{ "type": "string", "pattern": "^-$" },
						{ "type": "number", "minimum": 0}
					]
				},
				"Status": { "type": "string", "enum": ["Not in progress", "Paused", "Completed", "In progress"] },
				"Estimated Time Left": { 
					"oneOf": [
						{ "type": "string", "pattern": "^-$" },
						{"$ref":"common-schema.json#/definitions/time-day-hour-min"} 
					]
				}
               },
               "additionalProperties": false,
               "required": ["VD","Operation", "Progress%", "Status", "Estimated Time Left" ]
        }
    }
}

