{
    "id": "file:///home/JSON-SCHEMA-FILES/vd-unmap-schema.json",
    "$schema": "http://json-schema.org/draft-04/schema#",
    "description": "VD set unmap version 0.1",
    
    "type": "object",
    "properties": {
        "Controllers": { "$ref": "#/definitions/controllersArray" } 
    },
    "additionalProperties": false,
    "required": [ "Controllers" ],
    "definitions": {
        "controllersArray" :{
            "type":"array",
            "items": {"$ref": "#/definitions/controllers-array"},
            "minItems": 1,
            "uniqueItems": true
        },
        "controllers-array": {
            "type": "object",
            "properties": {
                "Command Status": {"$ref": "status-schema.json#/definitions/status"},
                "Response Data": { "$ref": "#/definitions/responseData" }
            }, 
            "additionalProperties": false,
            "required": [ "Command Status" ]
        },
        "responseData":{
			"type": "object",
			"properties": {
				"VD Operation Status": {"$ref": "#/definitions/operation-status"}
			},
			"additionalProperties": false,
			"required": ["VD Operation Status"]
        },
        "operation-status": {
            "type": "array",
            "items": {"$ref": "#/definitions/operation"},
            "minItems": 1,
            "uniqueItems": true
        },		
        "operation": {
            "type": "object",
            "properties": {
                "VD": {"type": "number", "minimum": 0},
                "Unmap Enabled": {"type": "string", "enum": [ "Yes", "No" , "N/A"]}
               },
               "additionalProperties": false,
               "required": ["VD", "Unmap Enabled" ]
        }
    }
}

