{
    "id": "file:///home/JSON-SCHEMA-FILES/virtual-drive-config-schema.json",
    "schema": "http://json-schema.org/draft-04/schema#",
    "description": "Virtual Drive configuration (SHOW) - version 0.2",
    
    "type": "object",
    "properties": {
        "Controllers": { "$ref": "#/definitions/controllersArray" }
    },
    "additionalProperties": false,
    "required": [ "Controllers" ],
    "definitions": {
        "controllersArray": {
            "type": "array",
            "items": { "$ref": "#/definitions/controllers-array" },
            "minItems": 1,
            "uniqueItems": true
        },
        "controllers-array": {
            "type":"object",
            "properties": {
            "Command Status": { "$ref": "status-schema.json#/definitions/status" },
            "Response Data": { "$ref": "#/definitions/responseData" }
            },
            "additionalProperties": false,
            "required": [ "Command Status" ]
        },
        "responseData": {
            "type": "object",
            "properties": {
                "Virtual Drives": { "$ref": "#/definitions/virtual-drives" }
            },
            "additionalProperties": false,
            "required": [ "Virtual Drives" ]
        },
        "virtual-drives": {
            "type": "array",
            "items": { "$ref": "#/definitions/virtualDrives" },
            "minItems": 1,
            "uniqueItems": true
        },
        "virtualDrives": {
            "type": "object",
            "properties": {
                "DG/VD" : {"type": "string", "pattern": "^(\\d{1}|\\d{2})/(\\d{1}|\\d{2}|\\d{3})$" },
                "TYPE" : { "type": "string", "pattern": "^((RAID(\\d{1}|\\d{2}))|(NytroCache(\\d{1}|\\d{2}))|(Cac(\\d{1}|\\d{2}))| (Rec(\\d{1}|\\d{2}))|(Nytro(\\d{1}|\\d{2})))$" },
                "State" : {"type": "string", "enum": ["OfLn", "Pdgd", "Dgrd", "Optl"]},
                "Access" : {"type": "string", "enum": ["B", "RO", "HD", "TRANS", "RW"]},
                "Consist" : {"type": "string", "enum": ["Yes", "No"]},
                "Cache" : {"type": "string", "pattern": "^((R|NR)(FWB|AWB|WB|WT)(C|D))$"},
                "Cac" : {"type": "string", "enum": ["RW", "R", "-"]},
                "sCC" : {"type": "string", "enum": ["ON", "OFF", "-"]},
                "Size" : { "$ref": "common-schema.json#/definitions/size" },
                "Name" : {"type": "string"}
            }, 
            "additionalProperties": false,
            "required": [ "DG/VD",
                          "TYPE",
                          "State",
                          "Access",
                          "Consist",
                          "Cache",
                          "Cac",
                          "sCC",
                          "Size",
                          "Name"
            ]
        },
        "number-of-vds": {
            "type": "number",
            "minimum": 1 ,
            "maximum": 240 
        }
    }
}