{
    "id": "file:///home/JSON-SCHEMA-FILES/virtual-drive-detailed-schema.json",
    "$schema": "http://json-schema.org/draft-04/schema#",
    "description": "Virtual Drive detailed Information (SHOW all) - version 0.3",
    
    "type": "object",
    "properties": {
        "Controllers": { "$ref": "#/definitions/controllersArray" }
    },
    "additionalProperties": false,
    "required": [ "Controllers" ],
    "definitions": {
        "controllersArray": {
            "type": "array",
            "items": { "$ref": "#/definitions/controllers-array" },
            "minItems": 1,
            "uniqueItems": true
        },
        "controllers-array": {
            "type":"object",
            "properties": {
            "Command Status": { "$ref": "status-schema.json#/definitions/status" },
            "Response Data": { "$ref": "#/definitions/responseData" }
            },
            "additionalProperties": false,
            "required": [ "Command Status" ]
        },
        "responseData": {
            "type": "object",
            "patternProperties": {
                "^((/c(\\d{1}|\\d{2})/v(\\d{1}|\\d{2}|\\d{3})))$": { "$ref": "virtual-drive-config-schema.json#/definitions/virtual-drives" },
                "^(PDs for VD ((\\d{1}|\\d{2}|\\d{3})))$": { "$ref": "enclosure-drive-schema.json#/definitions/drive-information" },
                "^((VD(\\d{1}|\\d{2}|\\d{3})) Properties)$": { "$ref": "#/definitions/vd-detailed-properties" }
            },
            "additionalProperties": false,
            "uniqueProperties": true
        },
        "vd-detailed-properties": {
            "type": "object",
            "properties": {
                "Strip Size" : { "$ref": "common-schema.json#/definitions/size" },
                "Number of Blocks" : { "type": "number", "minimum": 0 },
                "VD has Emulated PD" : { "$ref": "common-schema.json#/definitions/boolean-yes-no" },
				"Span Depth" : {
								"oneOf": [                
											{ "type": "string"},
											{ "type": "number", "minimum": 1 }                
								]
							   },				
				"Number of Drives Per Span" : {
								"oneOf": [                
											{ "type": "string"},
											{ "type": "number", "minimum": 1 }                
								]
							   },
                "Write Cache(initial setting)" : { "$ref": "common-schema.json#/definitions/writePolicy" },
                "Disk Cache Policy" : { "$ref": "common-schema.json#/definitions/diskCachePolicy" },
                "Encryption" : { "$ref": "common-schema.json#/definitions/encryption" },
				"Data Protection" : { "$ref": "common-schema.json#/definitions/dataProtection" },
                "Active Operations" : { "type": "string" },
                "Target ID of associated VDs" : { "type": "string" },
                "Exposed to OS" :  { "$ref": "common-schema.json#/definitions/boolean-yes-no" },
                "OS Drive Name" :  { "type": "string" },
				"Target ID of associated VDs" : { "type": "string" },
                "Creation Date" :  {
								"oneOf": [                
											{ "type": "string"},
											{ "$ref": "common-schema.json#/definitions/dd-mm-yyyy" }
								]
							   },				
                "Creation Time" :  {
								"oneOf": [                
											{ "type": "string"},
											{ "$ref": "common-schema.json#/definitions/time-hour-min-sec" }
								]
							   },
                "Emulation type" : { "$ref": "common-schema.json#/definitions/emulationType" },
                "Cachebypass size" : { "$ref": "common-schema.json#/definitions/cachebypassSize" },
                "Cachebypass Mode" : { "$ref": "common-schema.json#/definitions/cachebypassMode" },
                "Is LD Ready for OS Requests" : { "$ref": "common-schema.json#/definitions/boolean-yes-no" },
                "SCSI NAA Id" : { "type": "string" },
                "Unmap Enabled" : { "type": "string" }
            },
            "additionalProperties": false,
            "required": [ "Number of Blocks",
                          "Span Depth",
                          "Number of Drives Per Span",
                          "Write Cache(initial setting)",
                          "Disk Cache Policy",
                          "Encryption",
                          "Data Protection",
                          "Active Operations",
                          "Exposed to OS",
                          "Creation Date",
                          "Creation Time",
                          "Is LD Ready for OS Requests"
            ]
        }
	}
}